,playlist_name,track_name,danceability
0,Rap,Hold You Down,Dance around a bit
1,Rap,Battle Scars,Dance around a bit
2,Rap,The Seed (2.0),Dance like nobody's watching
3,Rap,Quality Control,Dance like nobody's watching
4,Rap,Never Forget You (feat. John Legend) - feat. John Legend,Dance around a bit
5,Rap,Vocab - Refugees Hip Hop Remix,Dance like nobody's watching
6,Rap,Manifest/Outro,Dance like nobody's watching
7,Rap,Gettin Up,Dance like nobody's watching
8,Rap,Ms. Fat Booty,Dance like nobody's watching
9,Rap,"sex, drugs and violence (featuring KRS-ONE)",Dance like nobody's watching
10,Rap,Words I Never Said (feat. Skylar Grey) - feat. Skylar Grey,No Dancing Here
11,Rap,Millennium,Dance like nobody's watching
12,Rap,Money Maker,Dance like nobody's watching
13,Rap,Tell Me What We're Gonna Do Now,Dance around a bit
14,Rap,Keep Ya Head Up,Dance around a bit
15,Rap,All That I Got Is You,No Dancing Here
16,Rap,If I Ruled the World (Imagine That),Dance like nobody's watching
17,Rap,One Mic,Dance like nobody's watching
18,Rap,Same Love - feat. Mary Lambert,Dance around a bit
19,Rap,"Between Me, You & Liberation",Dance around a bit
20,Rap,The Show Goes On,Dance around a bit
21,Rap,Heartbeat,Dance like nobody's watching
22,Rap,"Young, Wild & Free (feat. Bruno Mars) - feat. Bruno Mars",Dance around a bit
23,Rap,Can I Kick It?,Dance like nobody's watching
24,Rap,Wing$,No Dancing Here
25,Rap,The Man,Dance around a bit
26,Rap,Build Me Up,Dance like nobody's watching
27,Rap,FourFiveSeconds,Dance around a bit
28,Rap,Long Live the Chief,Dance like nobody's watching
29,Rap,Sober,Dance around a bit
30,Rap,Trap Queen,Dance like nobody's watching
31,Rap,I. crawl,Dance around a bit
32,Rap,Next To It (feat. Ty Dolla $ign),Dance like nobody's watching
33,Rap,Hi-Definition (feat. Snoop Dogg & Pooh Bear),No Dancing Here
34,Rap,I Gotcha - Explicit Album Version,Dance around a bit
35,Rap,Sunshine,Dance around a bit
36,Rap,Go Go Gadget Flow,Dance like nobody's watching
37,Rap,Little Weapon (feat. Bishop G and Nikki Jean),Dance like nobody's watching
38,Rap,Hotline Bling,Dance like nobody's watching
39,Rap,The Real Slim Shady,Dance like nobody's watching
40,Rap,Say What You Say,Dance like nobody's watching
41,Rap,Superman,Dance like nobody's watching
42,Rap,Puke,Dance like nobody's watching
43,Rap,Without Me,Dance like nobody's watching
44,Rap,My Name Is,Dance like nobody's watching
45,Rap,Forever,No Dancing Here
46,Rap,Not Afraid,Dance like nobody's watching
47,Rap,Won't Back Down,No Dancing Here
48,Rap,The Monster,Dance like nobody's watching
49,Rap,Stronger Than I Was,Dance like nobody's watching
50,Rap,Rap God,Dance like nobody's watching
51,Rap,The Monster,Dance like nobody's watching
52,Rap,Love The Way You Lie,Dance like nobody's watching
53,Rap,Lose Yourself - Soundtrack Version,Dance like nobody's watching
54,Rap,Wild Ones (feat. Sia),Dance around a bit
55,Rap,I Cry,Dance around a bit
56,Rap,My House,Dance around a bit
57,Rap,Young Jesus,Dance like nobody's watching
58,Rap,Nothing But Trouble - Instagram Models,Dance like nobody's watching
59,Rap,Aquafina (feat. GoldLink & Chaz French),Dance like nobody's watching
60,Rap,Alright,Dance like nobody's watching
61,Rap,County Building Blues,No Dancing Here
62,Rap,Grammys,Dance like nobody's watching
63,Rap,One Dance,Dance like nobody's watching
64,Rap,Wild Ones (feat. Sia) - J.O.B rock rework,Dance around a bit
65,Rap,Decemba (Remix),Dance like nobody's watching
66,Rap,Pull Up Wit Ah Stick (feat. Loso Loaded),Dance like nobody's watching
67,Rap,Bank Account,Dance like nobody's watching
68,Rap,No Lies (feat. Wiz Khalifa),Dance like nobody's watching
69,Rap,It's A Vibe,Dance like nobody's watching
70,Rap,Call Me,Dance around a bit
71,Rap,rockstar,Dance around a bit
72,Rap,Let You Down,Dance around a bit
73,Rap,Perplexing Pegasus,Dance like nobody's watching
74,Rap,Shooters,Dance around a bit
75,Rap,New Freezer (feat. Kendrick Lamar),Dance like nobody's watching
76,Rap,Live Up To My Name,Dance like nobody's watching
77,Rap,The Way Life Goes (feat. Oh Wonder),Dance like nobody's watching
78,Rap,No Complaints,Dance like nobody's watching
79,Rap,Bodak Yellow,Dance like nobody's watching
80,Rap,Plain Jane,Dance like nobody's watching
81,Rap,Too Hotty,Dance like nobody's watching
82,Rap,The Race,Dance like nobody's watching
83,Rap,Catch Me Outside,Dance like nobody's watching
84,Rap,Minute,Dance around a bit
85,Rap,Gamble,Dance around a bit
86,Rap,Spice Girl,Dance around a bit
87,Rap,Phone Jumpin,Dance around a bit
88,Rap,Caroline,Dance like nobody's watching
89,Rap,Girlfriend,Dance like nobody's watching
90,Rap,I'm So Wavy,No Dancing Here
91,Rap,Money Longer,Dance like nobody's watching
92,Rap,"Sucker For Pain (with Wiz Khalifa, Imagine Dragons, Logic & Ty Dolla $ign feat. X Ambassadors)",Dance around a bit
93,Rap,One Night,Dance like nobody's watching
94,Rap,White Iverson,Dance around a bit
95,Rap,Do You Mind,No Dancing Here
96,Rap,Broccoli (feat. Lil Yachty),Dance like nobody's watching
97,Rap,Beware,Dance like nobody's watching
98,Rap,Uber Everywhere,Dance like nobody's watching
99,Rap,Black Beatles,Dance like nobody's watching
100,Rap,Feeling Myself,Dance around a bit
101,Rap,Want Some More,Dance like nobody's watching
102,Rap,Big Daddy,Dance like nobody's watching
103,Rap,Addicted To My Ex,Dance like nobody's watching
104,Rap,Body,Dance like nobody's watching
105,Rap,CRZY,Dance like nobody's watching
106,Rap,Say It,Dance around a bit
107,Rap,Chill Bill,Dance like nobody's watching
108,Rap,Black Beatles,Dance like nobody's watching
109,Rap,Congratulations,Dance around a bit
110,Rap,Tunnel Vision,No Dancing Here
111,Rap,Bad and Boujee (feat. Lil Uzi Vert),Dance like nobody's watching
112,Rap,Anti,Dance like nobody's watching
113,Rap,m.A.A.d city,No Dancing Here
114,Rap,The Devil Is A Lie,Dance around a bit
115,Rap,R.I.P.,Dance like nobody's watching
116,Rap,No Games,Dance like nobody's watching
117,Rap,Backseat Freestyle,Dance around a bit
118,Rap,Compton,No Dancing Here
119,Rap,Damage,Dance around a bit
120,Rap,Biggie (feat. Junior M.A.F.I.A.),Dance around a bit
121,Rap,Goldie,Dance around a bit
122,Rap,"OG Bobby Johnson (feat. Snoop Dogg, A$AP Ferg, & Pusha T) - Remix",Dance like nobody's watching
123,Rap,Numbers On The Boards,Dance around a bit
124,Rap,"Trouble on My Mind (feat. Tyler, The Creator)",Dance around a bit
125,Rap,King Sh*t,Dance like nobody's watching
126,Rap,Act Right,Dance like nobody's watching
127,Rap,"sex, drugs and violence (featuring KRS-ONE)",Dance like nobody's watching
128,Rap,That's Tha Homie,Dance like nobody's watching
129,Rap,Movin' Bass,Dance around a bit
130,Rap,i,Dance like nobody's watching
131,Rap,Like A Boss,Dance like nobody's watching
132,Rap,black is back,Dance around a bit
133,Rap,Seen It All,Dance like nobody's watching
134,Rap,All Due Respect,Dance around a bit
135,Rap,Close Your Eyes (And Count to Fuck),Dance like nobody's watching
136,Rap,Keep Watch,Dance like nobody's watching
137,Rap,You Can Tell How I Walk,Dance around a bit
138,Rap,On My Block,Dance like nobody's watching
139,Rap,Oh No - (best of decade I version),Dance around a bit
140,Rap,Good Day,Dance like nobody's watching
141,Rap,Farout,Dance around a bit
142,Rap,Clique,No Dancing Here
143,Rap,Party On Fifth Ave.,Dance around a bit
144,Rap,Strange Clouds (feat. Lil Wayne) - feat. Lil Wayne,Dance around a bit
145,Rap,Finna Get Loose,Dance like nobody's watching
146,Rap,25 Bucks (feat. Purity Ring),Dance like nobody's watching
147,Rap,Under Pressure,Dance like nobody's watching
148,Rap,Rich As Fuck,Dance around a bit
149,Rap,How to Rob,Dance like nobody's watching
150,Rap,We Fly High,Dance around a bit
151,Rap,Still Tippin' (feat. Slim Thug and Paul Wall) - featuring Slim Thug And Paul Wall Explicit Version,Dance like nobody's watching
152,Rap,JAY Z,Dance around a bit
153,Rap,Damn It Feels Good to Be a Gangsta - Mixtape Version,Dance like nobody's watching
154,Rap,Famous,No Dancing Here
155,Rap,Metropolis,Dance around a bit
156,Rap,I Got the Keys,Dance around a bit
157,Rap,Nas Album Done,Dance around a bit
158,Rap,Pain,Dance like nobody's watching
159,Rap,Nightcrawler (feat. Method Man),Dance like nobody's watching
160,Rap,Ka-Bang! (feat. MF Doom),Dance around a bit
161,Rap,Ill Mind of Hopsin 8,Dance like nobody's watching
162,Rap,Side A [Old],Dance around a bit
163,Rap,Push It,Dance around a bit
164,Rap,Warning,Dance around a bit
165,Rap,Dis Generation,Dance like nobody's watching
166,Rap,Put On,Dance around a bit
167,Rap,Around My Way [Freedom Ain't Free],No Dancing Here
168,Rap,We The People....,Dance like nobody's watching
169,Rap,Buy Back the Block,Dance like nobody's watching
170,Rap,Change,Dance around a bit
171,Rap,One Time Comin',Dance like nobody's watching
172,Rap,Froze (feat. Lil Uzi Vert & Nicki Minaj),Dance around a bit
173,Rap,Deja Vu,Dance around a bit
174,Rap,Crazy Brazy,Dance like nobody's watching
175,Rap,Immortal,Dance like nobody's watching
176,Rap,My 64 (feat. Bun B & Snoop Dogg) - featuring Bun B And Snoop Dogg Explicit Version,Dance like nobody's watching
177,Rap,Step In The Arena,Dance like nobody's watching
178,Rap,Preservation,Dance around a bit
179,Rap,Now That I Know,Dance like nobody's watching
180,Rap,40 Acres,Dance like nobody's watching
181,Rap,I Think She Like Me,Dance around a bit
182,Rap,"Downtown (feat. Melle Mel, Grandmaster Caz, Kool Moe Dee & Eric Nally)",Dance like nobody's watching
183,Rap,100 Grandkids,Dance like nobody's watching
184,Rap,Ghostwriter,Dance around a bit
185,Rap,Ima Boss - feat. Rick Ross,No Dancing Here
186,Rap,Hustlin',Dance around a bit
187,Rap,Raid (feat. 50 Cent & Pharrell),Dance around a bit
188,Rap,Mask Off,Dance like nobody's watching
189,Rap,Selfish,No Dancing Here
190,Rap,All Night (feat. Knox Fortune),Dance like nobody's watching
191,Rap,Summer Seventeen,No Dancing Here
192,Rap,"Gucci On My (feat. 21 Savage, YG & Migos)",Dance like nobody's watching
193,Rap,HUMBLE.,Dance like nobody's watching
194,Rap,XXX. FEAT. U2.,Dance around a bit
195,Rap,So Sophisticated,Dance around a bit
196,Rap,All Eyes On You (feat. Chris Brown & Nicki Minaj),Dance around a bit
197,Rap,Bad Guy,Dance around a bit
198,Rap,So Far...,Dance like nobody's watching
199,Rap,Ain't Nothing,Dance like nobody's watching
200,Rap,Rent Money,Dance around a bit
201,Rap,Believe It - feat. Rick Ross,Dance like nobody's watching
202,Rap,Tranquillo,Dance like nobody's watching
203,Rap,Caught Ya Lookin',Dance like nobody's watching
204,Rap,Grey Goose,Dance around a bit
205,Rap,Pump That Bass,Dance like nobody's watching
206,Rap,Talk to Me,Dance like nobody's watching
207,Rap,Run the Jewels,Dance around a bit
208,Rap,Bring The Pain - Chemical Brothers Remix,Dance around a bit
209,Rap,Grind State,Dance around a bit
210,Rap,Int'l Players Anthem (I Choose You),Dance around a bit
211,Rap,1K,Dance around a bit
212,Rap,Swang,Dance around a bit
213,Rap,No Heart,Dance like nobody's watching
214,Rap,Spend It,Dance like nobody's watching
215,Rap,I Want (feat. 2 Chainz),Dance like nobody's watching
216,Rap,Who Do You Love?,Dance around a bit
217,Rap,Key to the Streets (feat. Migos & Trouble),Dance like nobody's watching
218,Rap,Work REMIX,Dance like nobody's watching
219,Rap,OOOUUU,Dance around a bit
220,Rap,Ambition - feat. Meek Mill & Rick Ross,No Dancing Here
221,Rap,THat Part,Dance like nobody's watching
222,Rap,Gassed Up,Dance like nobody's watching
223,Rap,One Mic,Dance like nobody's watching
224,Rap,Bad and Boujee (feat. Lil Uzi Vert),Dance like nobody's watching
225,Rap,I Am The Greatest,Dance like nobody's watching
226,Rap,Skrt,Dance like nobody's watching
227,Rap,Hell & Back,Dance around a bit
228,Rap,Wish I Had It,Dance around a bit
229,Rap,DEVASTATED,Dance like nobody's watching
230,Rap,Ni**as In Paris,Dance like nobody's watching
231,Rap,Can't Get Enough,Dance like nobody's watching
232,Rap,Wicked,Dance like nobody's watching
233,Rap,Couple Bands,Dance around a bit
234,Rap,"My Moment (feat. 2 Chainz, Meek Mill and Jeremih)",No Dancing Here
235,Rap,Knuck If You Buck (feat. Lil' Scrappy) - Allbum Version,Dance like nobody's watching
236,Rap,Exchange,Dance around a bit
237,Rap,Can't Be Touched (feat. Mr. Magic & Trouble),Dance around a bit
238,Rap,Hustlin',Dance around a bit
239,Rap,Too Much Sauce,Dance like nobody's watching
240,Rap,I'm On One,Dance around a bit
241,Rap,"Wat U Mean (Aye, Aye, Aye)",Dance like nobody's watching
242,Rap,Blasé (feat. Future & Rae Sremmurd),Dance like nobody's watching
243,Rap,Work Out,Dance like nobody's watching
244,Rap,We Dem Boyz,Dance like nobody's watching
245,Rap,goosebumps,Dance like nobody's watching
246,Rap,No Flockin,Dance like nobody's watching
247,Rap,There He Go,Dance like nobody's watching
248,Rap,Too Many Years,Dance around a bit
249,Rap,Congratulations,Dance around a bit
250,Rap,Both (feat. Drake),Dance like nobody's watching
251,Rap,X (feat. Future),Dance like nobody's watching
252,Rap,Get Right Witcha,Dance like nobody's watching
253,Rap,About the Money,Dance like nobody's watching
254,Rap,iSpy (feat. Lil Yachty),Dance like nobody's watching
255,Rap,Jersey,Dance like nobody's watching
256,Rap,Wyclef Jean,Dance like nobody's watching
257,Rap,Mask Off,Dance like nobody's watching
258,Rap,Ghetto Symphony,No Dancing Here
259,Rap,"Guwop (feat. Quavo, Offset and Young Scooter)",Dance like nobody's watching
260,Rap,Really Got It,Dance like nobody's watching
261,Rap,Studio,Dance like nobody's watching
262,Rap,New Level,Dance like nobody's watching
263,Rap,Hot N*gga,Dance like nobody's watching
264,Rap,Everyday We Lit (feat. PnB Rock),Dance like nobody's watching
265,Rap,Star67,No Dancing Here
266,Rap,0 To 100 / The Catch Up,Dance like nobody's watching
267,Rap,Angels (feat. Saba),Dance like nobody's watching
268,Rap,Look At Me!,Dance like nobody's watching
269,Rap,You Don't Know,Dance like nobody's watching
270,Rap,Chill Bill,Dance like nobody's watching
271,Rap,Dap You Up,Dance like nobody's watching
272,Rap,Used to This,Dance around a bit
273,Rap,Perkys Callin' (Free Style),Dance like nobody's watching
274,Rap,Till I Die,Dance like nobody's watching
275,Rap,Bank Account,Dance like nobody's watching
276,Rap,No Complaints,Dance like nobody's watching
277,Rap,Coming Home,No Dancing Here
278,Rap,4 AM,Dance like nobody's watching
279,Rap,A-Team,Dance around a bit
280,Rap,No Hands (feat. Roscoe Dash and Wale) - Explicit Album Version,Dance like nobody's watching
281,Rap,Homecoming,Dance around a bit
282,Rap,Money and the Power,Dance around a bit
283,Rap,Butterfly Effect,Dance like nobody's watching
284,Rap,Tuesday (feat. Drake),Dance like nobody's watching
285,Rap,No Tellin',Dance like nobody's watching
286,Rap,Man Of The Year,Dance like nobody's watching
287,Rap,Bricksquad - feat. Gudda Gudda [Explicit Album Version],Dance around a bit
288,Rap,Slippery (feat. Gucci Mane),Dance like nobody's watching
289,Rap,Up,Dance like nobody's watching
290,Rap,Feeling Whitney,No Dancing Here
291,Rap,rockstar,Dance around a bit
292,Rap,Wobbin,Dance like nobody's watching
293,Rap,Big Lie,No Dancing Here
294,Rap,I Get The Bag (feat. Migos),Dance like nobody's watching
295,Rap,Unforgettable,Dance like nobody's watching
296,Rap,Swag Surfin',Dance like nobody's watching
297,Rap,On My Grind,Dance like nobody's watching
298,Rap,Plain Jane,Dance like nobody's watching
299,Rap,Donk,Dance like nobody's watching
300,Rap,Lose Yourself - Soundtrack Version,Dance like nobody's watching
301,Rap,All The Way Turnt Up,Dance around a bit
302,Rap,through the late night,Dance like nobody's watching
303,Rap,Deadz (feat. 2 Chainz),Dance like nobody's watching
304,Rap,Buzzin,Dance like nobody's watching
305,Rap,PIE,Dance like nobody's watching
306,Rap,Love Sosa,Dance like nobody's watching
307,Rap,Flexicution,Dance like nobody's watching
308,Rap,The Jam,Dance like nobody's watching
309,Rap,Slave II,Dance around a bit
310,Rap,Super Mario World,Dance like nobody's watching
311,Rap,44 Bars,Dance like nobody's watching
312,Rap,Slave,Dance like nobody's watching
313,Rap,Deeper Than Money,Dance like nobody's watching
314,Rap,Flexicution,Dance like nobody's watching
315,Rap,Contact,Dance around a bit
316,Rap,Fade Away,Dance like nobody's watching
317,Rap,Upgrade,Dance around a bit
318,Rap,Like Woah,Dance like nobody's watching
319,Rap,Young Jesus,Dance like nobody's watching
320,Rap,Innermission,Dance like nobody's watching
321,Rap,I Am The Greatest,Dance like nobody's watching
322,Rap,Lord Willin',Dance around a bit
323,Rap,City Of Stars,No Dancing Here
324,Rap,Stainless,Dance like nobody's watching
325,Rap,Paradise,Dance around a bit
326,Rap,Never Been,Dance around a bit
327,Rap,Run It,Dance like nobody's watching
328,Rap,The Incredible True Story,No Dancing Here
329,Rap,Intro,Dance around a bit
330,Rap,Soul Food,Dance around a bit
331,Rap,I'm Gone,Dance around a bit
332,Rap,Gang Related,Dance around a bit
333,Rap,Buried Alive,Dance like nobody's watching
334,Rap,Bounce,Dance around a bit
335,Rap,Growing Pains III,Dance around a bit
336,Rap,Never Enough,Dance around a bit
337,Rap,Metropolis,Dance around a bit
338,Rap,Nikki,Dance around a bit
339,Rap,Under Pressure,Dance like nobody's watching
340,Rap,Till The End,Dance around a bit
341,Rap,Driving Ms Daisy,Dance around a bit
342,Rap,Now,Dance like nobody's watching
343,Rap,Alright,Dance like nobody's watching
344,Rap,Mystery Fish,Dance like nobody's watching
345,Rap,Rings,Dance like nobody's watching
346,Rap,Daylight,Dance around a bit
347,Rap,None Shall Pass,Dance like nobody's watching
348,Rap,Sunshine,Dance like nobody's watching
349,Rap,Trying To Find A Balance,No Dancing Here
350,Rap,You,Dance like nobody's watching
351,Rap,Yesterday,Dance like nobody's watching
352,Rap,The Best Day,Dance like nobody's watching
353,Rap,So What'Cha Want - 2009 Digital Remaster,Dance around a bit
354,Rap,Brass Monkey,Dance like nobody's watching
355,Rap,Ch-Check It Out - 2005 Digital Remaster,Dance like nobody's watching
356,Rap,No Sleep Till Brooklyn,Dance like nobody's watching
357,Rap,Hey Ladies - 2009 Digital Remaster,Dance like nobody's watching
358,Rap,Pass The Mic - 2009 Digital Remaster,Dance around a bit
359,Rap,An Open Letter To NYC - Digitally Remastered 2005,Dance like nobody's watching
360,Rap,Root Down,Dance like nobody's watching
361,Rap,Shake Your Rump - 2009 Digital Remaster,Dance like nobody's watching
362,Rap,Intergalactic - Digitally Remastered 2005,Dance like nobody's watching
363,Rap,Sure Shot - Digitally Remastered 2005,Dance around a bit
364,Rap,Body Movin' - Digitally Remastered 2005,Dance around a bit
365,Rap,Triple Trouble,Dance like nobody's watching
366,Rap,Sabotage,No Dancing Here
367,Rap,Fight For Your Right,Dance around a bit
368,Rap,No Problem (feat. Lil Wayne & 2 Chainz),Dance around a bit
369,Rap,I. crawl,Dance around a bit
370,Rap,I. the worst guys,Dance around a bit
371,Rap,"III. telegraph ave. (""Oakland"" by Lloyd)",Dance around a bit
372,Rap,IV. sweatpants,Dance around a bit
373,Rap,V. 3005,No Dancing Here
374,Rap,Bonfire,Dance around a bit
375,Rap,Heartbeat,Dance like nobody's watching
376,Rap,Sunrise,Dance around a bit
377,Rap,Killem With Kindness,Dance like nobody's watching
378,Rap,Where The Hood At,Dance around a bit
379,Rap,Still Livin',Dance around a bit
380,Rap,Careless,Dance like nobody's watching
381,Rap,Mask Off,Dance like nobody's watching
382,Rap,Free Meal,Dance like nobody's watching
383,Rap,G.O.M.D.,Dance like nobody's watching
384,Rap,Razor Blades & Steak Knives (feat. Hemi),Dance like nobody's watching
385,Rap,"Go Off (feat. Hopsin, SwizZz)",Dance like nobody's watching
386,Rap,Hood Gone Love It (feat. Kendrick Lamar),Dance around a bit
387,Rap,Money Trees,Dance like nobody's watching
388,Rap,m.A.A.d city,No Dancing Here
389,Rap,A.D.H.D,Dance around a bit
390,Rap,Ronald Reagan Era,No Dancing Here
391,Rap,War,Dance around a bit
392,Rap,Ghetto Boy,Dance around a bit
393,Rap,God Money War,Dance around a bit
394,Rap,Lil Black Boy,No Dancing Here
395,Rap,Keep It Real,Dance around a bit
396,Rap,iSpy (feat. Lil Yachty),Dance like nobody's watching
397,Rap,"Shook Ones, Pt. II",Dance like nobody's watching
398,Rap,Life's a Bitch,Dance like nobody's watching
399,Rap,The World Is Yours,Dance around a bit
400,Rap,N.Y. State of Mind,Dance around a bit
401,Rap,If I Ruled the World (Imagine That),Dance like nobody's watching
402,Rap,Oldie,Dance like nobody's watching
403,Rap,Got Your Money (feat. Kelis),Dance like nobody's watching
404,Rap,Shimmy Shimmy Ya,Dance like nobody's watching
405,Rap,Hey Ya! - Radio Mix / Club Mix,Dance like nobody's watching
406,Rap,Ms. Jackson,Dance like nobody's watching
407,Rap,Fight The Power,Dance like nobody's watching
408,Rap,harder than you think,No Dancing Here
409,Rap,Public Enemy No.1,Dance like nobody's watching
410,Rap,Boom - Explicit Album Version,Dance around a bit
411,Rap,THat Part - Black Hippy Remix,Dance like nobody's watching
412,Rap,Children's Story,Dance like nobody's watching
413,Rap,Preservation,Dance around a bit
414,Rap,Electric Relaxation,Dance like nobody's watching
415,Rap,Midnight Marauders Tour Guide,Dance around a bit
416,Rap,Steve Biko (Stir It Up),Dance like nobody's watching
417,Rap,Award Tour,Dance like nobody's watching
418,Rap,8 Million Stories,Dance like nobody's watching
419,Rap,Sucka Nigga,Dance like nobody's watching
420,Rap,Midnight,Dance like nobody's watching
421,Rap,We Can Get Down,Dance like nobody's watching
422,Rap,Electric Relaxation,Dance like nobody's watching
423,Rap,Clap Your Hands,Dance like nobody's watching
424,Rap,Oh My God,Dance like nobody's watching
425,Rap,Keep It Rollin',Dance like nobody's watching
426,Rap,"The Chase, Part II",Dance like nobody's watching
427,Rap,Lyrics to Go,Dance like nobody's watching
428,Rap,God Lives Through,Dance like nobody's watching
429,Rap,Answer,No Dancing Here
430,Rap,Water,Dance like nobody's watching
431,Rap,Scenario - LP Mix,Dance like nobody's watching
432,Rap,r - Cali,Dance like nobody's watching
433,Rap,Regulate,Dance like nobody's watching
434,Rap,C.R.E.A.M.,No Dancing Here
435,Rap,Gravel Pit,Dance like nobody's watching
436,Rap,No Heart,Dance like nobody's watching
437,Rap,X (feat. Future),Dance like nobody's watching
438,Rap,Everybody,Dance like nobody's watching
439,Rap,HYFR (Hell Ya Fucking Right),No Dancing Here
440,Rap,Headlines,Dance around a bit
441,Rap,Legend,Dance like nobody's watching
442,Rap,Energy,Dance like nobody's watching
443,Rap,10 Bands,Dance like nobody's watching
444,Rap,Know Yourself,Dance like nobody's watching
445,Rap,No Tellin',Dance like nobody's watching
446,Rap,Madonna,Dance like nobody's watching
447,Rap,6 God,Dance like nobody's watching
448,Rap,Star67,No Dancing Here
449,Rap,Preach,Dance around a bit
450,Rap,Wednesday Night Interlude,No Dancing Here
451,Rap,Used To,Dance like nobody's watching
452,Rap,6 Man,Dance like nobody's watching
453,Rap,Now & Forever,Dance around a bit
454,Rap,Company,Dance around a bit
455,Rap,You & The 6,Dance around a bit
456,Rap,Jungle,Dance around a bit
457,Rap,6PM In New York,Dance around a bit
458,Rap,Forever,No Dancing Here
459,Rap,6 Foot 7 Foot,No Dancing Here
460,Rap,A Milli,Dance around a bit
461,Rap,Blunt Blowin,Dance like nobody's watching
462,Rap,She Will,No Dancing Here
463,Rap,Damn It Feels Good to Be a Gangsta,Dance like nobody's watching
464,Rap,HUMBLE.,Dance like nobody's watching
465,Rap,Alright,Dance like nobody's watching
466,Rap,Poetic Justice,Dance like nobody's watching
467,Rap,F**kin' Problems,Dance like nobody's watching
468,Rap,President Carter,Dance around a bit
469,Rap,25 To Life,Dance around a bit
470,Rap,Stupid,Dance like nobody's watching
471,Rap,Black SpiderMan,Dance around a bit
472,Rap,1-800-273-8255,Dance around a bit
473,Rap,"Untouchable (feat. Logic, Kirk Knight)",Dance around a bit
474,Rap,Break Ya Neck,Dance like nobody's watching
475,Rap,Mask Off - Remix,Dance like nobody's watching
476,Rap,Deja Vu,Dance around a bit
477,Rap,Neighbors,Dance like nobody's watching
478,Rap,Immortal,Dance like nobody's watching
479,Rap,No Role Modelz,Dance around a bit
480,Rap,For Whom The Bell Tolls,Dance around a bit
481,Rap,She's Mine Pt. 1,No Dancing Here
482,Rap,4 Your Eyez Only,Dance like nobody's watching
483,Rap,Tired (feat. Lil Bibby),Dance around a bit
484,Rap,Run It Up,Dance around a bit
485,Rap,Crazy,Dance around a bit
486,Rap,Havin' Shit,Dance around a bit
487,Rap,Work Out,Dance like nobody's watching
488,Rap,Good Life,No Dancing Here
489,Rap,Some Kind Of Drug,Dance around a bit
490,Rap,Vengeance On My Mind,No Dancing Here
491,Rap,I Mean It,Dance like nobody's watching
492,Rap,Calm Down,Dance around a bit
493,Rap,Drifting,Dance around a bit
494,Rap,What If,Dance around a bit
495,Rap,Nothing to Me,Dance around a bit
496,Rap,Bone Marrow,Dance around a bit
497,Rap,Chill Bill,Dance like nobody's watching
498,Rap,679 (feat. Remy Boyz),Dance around a bit
499,Rap,Trap Queen,Dance like nobody's watching
500,Rap,Again,Dance like nobody's watching
501,Rap,Black Beatles,Dance like nobody's watching
502,Rap,No Type,Dance like nobody's watching
503,Rap,Look Alive,Dance like nobody's watching
504,Rap,Come Get Her,Dance around a bit
505,Rap,January 28th,No Dancing Here
506,Rap,Fire Squad,Dance around a bit
507,Rap,Tiimmy Turner,Dance around a bit
508,Rap,Champions,Dance around a bit
509,Rap,Zombie Walk,No Dancing Here
510,Rap,Offended (feat. Young Thug & 21 Savage),Dance like nobody's watching
511,Rap,All We Got (feat. Kanye West & Chicago Children's Choir),Dance around a bit
512,Rap,No Problem (feat. Lil Wayne & 2 Chainz),Dance around a bit
513,Rap,Pursuit Of Happiness - Extended Steve Aoki Remix (Explicit),Dance like nobody's watching
514,Rap,Day 'N' Nite (nightmare),Dance like nobody's watching
515,Rap,Good Drank,Dance like nobody's watching
516,Rap,Watch Out,Dance like nobody's watching
517,Rap,Big Amount,Dance around a bit
518,Rap,We Own It (Fast & Furious),Dance around a bit
519,Rap,Shabba,Dance like nobody's watching
520,Rap,Alright,Dance like nobody's watching
521,Rap,Flexicution,Dance like nobody's watching
522,Rap,Paper Trail$,Dance around a bit
523,Rap,Front & Center,Dance around a bit
524,Rap,A.D.H.D,Dance around a bit
525,Rap,m.A.A.d city,No Dancing Here
526,Rap,Living Single,Dance like nobody's watching
527,Rap,Bounce Back,Dance like nobody's watching
528,Rap,Something,Dance around a bit
529,Rap,M.I.L.F. $,Dance like nobody's watching
530,Rap,Nasty Freestyle,Dance like nobody's watching
531,Rap,Eastside Story,Dance like nobody's watching
532,Rap,What The Price,Dance like nobody's watching
533,Rap,Bad and Boujee (feat. Lil Uzi Vert),Dance like nobody's watching
534,Rap,T-Shirt,Dance like nobody's watching
535,Rap,Antidote,Dance like nobody's watching
536,Rap,Broccoli (feat. Lil Yachty),Dance like nobody's watching
537,Rap,My Way (feat. Monty),Dance like nobody's watching
538,Rap,Panda,Dance around a bit
539,Rap,"Sucker For Pain (with Wiz Khalifa, Imagine Dragons, Logic & Ty Dolla $ign feat. X Ambassadors)",Dance around a bit
540,Rap,Gassed Up,Dance like nobody's watching
541,Rap,The Hills,No Dancing Here
542,Rap,The Next Day,Dance like nobody's watching
543,Rap,The Real Slim Shady,Dance like nobody's watching
544,Rap,V. 3005,No Dancing Here
545,Rap,HUMBLE.,Dance like nobody's watching
546,Rap,Mask Off,Dance like nobody's watching
547,Rap,Hyenas,Dance like nobody's watching
548,Rap,Low Life,Dance like nobody's watching
549,Rap,Memo,Dance like nobody's watching
550,Rap,Bake Sale (feat. Travis Scott),Dance like nobody's watching
551,Rap,Waves,No Dancing Here
552,Rap,Wolves,Dance around a bit
553,Rap,White Iverson,Dance around a bit
554,Rap,Jumpman,Dance like nobody's watching
555,Rap,No Role Modelz,Dance around a bit
556,Rap,A Tale of 2 Citiez,Dance around a bit
557,Rap,Fire Squad,Dance around a bit
558,Rap,Ultimate,No Dancing Here
559,Rap,Really Really,Dance like nobody's watching
560,Rap,Bouncin,Dance like nobody's watching
561,Rap,Stick Talk,Dance like nobody's watching
562,Rap,"Okay, But This Is the Last Time",Dance like nobody's watching
563,Rap,Love Sosa,Dance like nobody's watching
564,Rap,South Side Suicide (feat. Pouya),Dance like nobody's watching
565,Rap,Father Stretch My Hands Pt. 1,Dance like nobody's watching
566,Rap,Champions,Dance around a bit
567,Rap,Waves,No Dancing Here
568,Rap,Ni**as In Paris,Dance like nobody's watching
569,Rap,Stronger,Dance around a bit
570,Rap,FML,Dance around a bit
571,Rap,Real Nigga Hours,Dance like nobody's watching
572,Rap,Black Beatles,Dance like nobody's watching
573,Rap,Work REMIX,Dance like nobody's watching
574,Rap,X (feat. Future),Dance like nobody's watching
575,Rap,No Heart,Dance like nobody's watching
576,Rap,Too Many Years,Dance around a bit
577,Rap,No Flockin,Dance like nobody's watching
578,Rap,New Level,Dance like nobody's watching
579,Rap,Shabba,Dance like nobody's watching
580,Rap,Yonkers,Dance like nobody's watching
581,Rap,No Color,Dance around a bit
582,Rap,Timmy Turner,Dance around a bit
583,Rap,I Got the Keys,Dance around a bit
584,Rap,Paris,Dance like nobody's watching
585,Rap,Memoirs of a Gorilla,Dance like nobody's watching
586,Rap,Magazine,Dance like nobody's watching
587,Rap,Champion of Death,Dance like nobody's watching
588,Rap,Water,Dance like nobody's watching
589,Rap,Skateboard P,Dance like nobody's watching
590,Rap,Thick (feat. 2 Chainz),Dance like nobody's watching
591,Rap,Touchdown,Dance like nobody's watching
592,Rap,2 Cups Stuffed,Dance like nobody's watching
593,Rap,Worth It,Dance around a bit
594,Rap,Bounce Back,Dance like nobody's watching
595,Rap,Kyoto,Dance around a bit
596,Rap,JoHn Muir,Dance around a bit
597,Rap,The Cost,Dance like nobody's watching
598,Rap,Hate Bein' Sober,Dance like nobody's watching
599,Rap,Leanworld,Dance around a bit
600,Rap,Sunrise Angel,Dance around a bit
601,Rap,Get Got,Dance around a bit
602,Rap,Fucked Over,Dance around a bit
603,Rap,Yoshi City,Dance around a bit
604,Rap,Tortuga,Dance like nobody's watching
605,Rap,Saint Pablo,Dance around a bit
606,Rap,OG Bobby Johnson,Dance like nobody's watching
607,Rap,I Don't Like,Dance like nobody's watching
608,Rap,Paris - Sam Tiba Remix,Dance like nobody's watching
609,Rap,Real Chill,Dance like nobody's watching
610,Rap,Swimming Pools (Drank),Dance around a bit
611,Rap,Thunder Man,Dance like nobody's watching
612,Rap,Ginseng Strip 2002,Dance around a bit
613,Rap,THat Part,Dance like nobody's watching
614,Rap,Norf Norf,Dance like nobody's watching
615,Rap,Money Trees,Dance like nobody's watching
616,Rap,Wulf Takahashi,Dance like nobody's watching
617,Rap,Ghosttown,Dance around a bit
618,Rap,Hands On The Wheel,Dance around a bit
619,Rap,Smoking with the Gods,No Dancing Here
620,Rap,Bout the Business,Dance like nobody's watching
621,Rap,Me Now,Dance like nobody's watching
622,Rap,Day 'N' Nite (nightmare),Dance like nobody's watching
623,Rap,Knotty Head,Dance around a bit
624,Rap,Akina Speed Star,Dance like nobody's watching
625,Rap,1st Summer Night,Dance like nobody's watching
626,Rap,Wulf of Akina,Dance around a bit
627,Rap,Date Night,Dance like nobody's watching
628,Rap,Pedals to the Metal (Road Heart),Dance like nobody's watching
629,Rap,Look Up,Dance like nobody's watching
630,Rap,Fort Woe,Dance like nobody's watching
631,Rap,Front Man Wulf,Dance like nobody's watching
632,Rap,Philosopher's Throne,Dance like nobody's watching
633,Rap,Mugen Woe,Dance like nobody's watching
634,Rap,Terrotuga Man,Dance like nobody's watching
635,Rap,Hollow Be They Squad,Dance like nobody's watching
636,Rap,No One Is Safe,Dance like nobody's watching
637,Rap,Kill the Unknown,Dance around a bit
638,Rap,East Memphis Maniac,Dance like nobody's watching
639,Rap,Public Announcement,Dance like nobody's watching
640,Rap,Wulf Wood,Dance like nobody's watching
641,Rap,I'm a Captain Not a Lover,Dance like nobody's watching
642,Rap,Switch Man,Dance around a bit
643,Rap,I Say High and Bye,No Dancing Here
644,Rap,Armor Woe,Dance like nobody's watching
645,Rap,Look at Me!,Dance like nobody's watching
646,Rap,Oak Grove Road,Dance like nobody's watching
647,Rap,Hunnit Hunnit,Dance like nobody's watching
648,Rap,Mad Men (feat. Xavier Wulf),Dance around a bit
649,Rap,Virginia Tech,Dance like nobody's watching
650,Rap,Great Influence,Dance like nobody's watching
651,Rap,Runner,Dance like nobody's watching
652,Rap,"IT G MA REMIX (feat. A$AP Ferg, Father, Dumbfoundead, Waka Flocka Flame)",Dance like nobody's watching
653,Rap,Cold Front,Dance like nobody's watching
654,Rap,Bachelor,Dance like nobody's watching
655,Rap,Hennessy & Sailor Moon,Dance around a bit
656,Rap,Terminal Sex,Dance like nobody's watching
657,Rap,Heartthrob,Dance like nobody's watching
658,Rap,The Odyssey,Dance around a bit
659,Rap,Put That On My Set,Dance like nobody's watching
660,Rap,Zenith,Dance around a bit
661,Rap,Still Cold / Pathway Private,Dance like nobody's watching
662,Rap,Seppuku (feat. Suicideboy$ & Jgrxxn),Dance like nobody's watching
663,Rap,Head 2 Toe,Dance around a bit
664,Rap,This Is It,Dance around a bit
665,Rap,Chin Up,Dance around a bit
666,Rap,Knotty Head,Dance around a bit
667,Rap,"But Wait, There's More (feat. $uicideBoy$)",Dance like nobody's watching
668,Rap,Everybody in the Club Gettin Shot,Dance like nobody's watching
669,Rap,Excuse Yee,Dance like nobody's watching
670,Rap,Crazy Brazy,Dance like nobody's watching
671,Rap,Bounce,Dance around a bit
672,Rap,Trade-Off,Dance like nobody's watching
673,Rap,Cashin,Dance around a bit
674,Rap,Mount Sinai,Dance like nobody's watching
675,Rap,Mankind,No Dancing Here
676,Rap,Money Man,Dance like nobody's watching
677,Rap,Gook,Dance around a bit
678,Rap,Material Female,Dance like nobody's watching
679,Rap,Young N***a Living,Dance like nobody's watching
680,Rap,"Kill Yourself, Pt. II",Dance like nobody's watching
681,Rap,Louis V,Dance like nobody's watching
682,Rap,Litty (feat. Tory Lanez),Dance around a bit
683,Rap,ULT,Dance like nobody's watching
684,Rap,Sick & Tired,Dance around a bit
685,Rap,Me Now,Dance like nobody's watching
686,Rap,Story: No Title,Dance like nobody's watching
687,Rap,This Life,Dance like nobody's watching
688,Rap,Good Night,Dance like nobody's watching
689,Rap,If Tomorrow's Not Here,Dance around a bit
690,Rap,Add It Up (feat. Germ),Dance like nobody's watching
691,Rap,Leatherface,Dance like nobody's watching
692,Rap,Rag & Bone,Dance like nobody's watching
693,Rap,All over Me,Dance like nobody's watching
694,Rap,Slenderman (feat. Germ),Dance around a bit
695,Rap,Bicky Robby (feat. Mikey the Magician & Shakewell),Dance like nobody's watching
696,Rap,Dump Dump,Dance around a bit
697,Rap,Staring Is Rude,Dance like nobody's watching
698,Rap,• Stick & Move,Dance like nobody's watching
699,Rap,Half Bae (feat. Pouya),Dance like nobody's watching
700,Rap,Hell Is You Doin',Dance like nobody's watching
701,Rap,Hood Pope,Dance like nobody's watching
702,Rap,Gwinnett,Dance like nobody's watching
703,Rap,Pornography,Dance around a bit
704,Rap,F***Umean (feat. Indigochildrick),Dance like nobody's watching
705,Rap,Fat Camp (feat. Kevin Pouya),Dance like nobody's watching
706,Rap,Voltage,Dance like nobody's watching
707,Rap,Anthems for a Seventeen Year Old Boy,Dance like nobody's watching
708,Rap,My Way,No Dancing Here
709,Rap,Way Hii,Dance around a bit
710,Rap,When the Lean Runs Out,Dance like nobody's watching
711,Rap,Get It Today,Dance like nobody's watching
712,Rap,T.H.O.T,Dance like nobody's watching
713,Rap,Slob on My Knob,Dance like nobody's watching
714,Rap,Gang,Dance like nobody's watching
715,Rap,No Smoke,Dance like nobody's watching
716,Rap,Good Morning,Dance around a bit
717,Rap,Facts (Charlie Heat Version),Dance like nobody's watching
718,Rap,I Wonder,Dance around a bit
719,Rap,Blood On The Leaves,No Dancing Here
720,Rap,Hold My Liquor,No Dancing Here
721,Rap,F*ckwithmeyouknowigotit,Dance around a bit
722,Rap,Mercy,Dance like nobody's watching
723,Rap,Catch Me,Dance like nobody's watching
724,Rap,Poppin' Tags,Dance like nobody's watching
725,Rap,Thought It Was a Drought,Dance like nobody's watching
726,Rap,Free Lunch,Dance like nobody's watching
727,Rap,goosebumps,Dance like nobody's watching
728,Rap,False Advertisement,Dance like nobody's watching
729,Rap,Sacrifices,Dance like nobody's watching
730,Rap,F**kin' Problems,Dance like nobody's watching
731,Rap,Lockjaw,Dance around a bit
732,Rap,"Sucker For Pain (with Wiz Khalifa, Imagine Dragons, Logic & Ty Dolla $ign feat. X Ambassadors)",Dance around a bit
733,Rap,Deja Vu,Dance around a bit
734,Rap,Congratulations,Dance around a bit
735,Rap,Politics (feat. Foti),Dance around a bit
736,Rap,You Know How We Do It,Dance like nobody's watching
737,Rap,XO TOUR Llif3,Dance like nobody's watching
738,Rap,All My Love,Dance around a bit
739,Rap,Outlet,Dance around a bit
740,Rap,Explosive,No Dancing Here
741,Rap,I Want (feat. 2 Chainz),Dance like nobody's watching
742,Rap,Diary of a Madman - Remastered,No Dancing Here
743,Rap,Get Right,Dance like nobody's watching
744,Rap,One Night,Dance like nobody's watching
745,Rap,Minnesota,Dance like nobody's watching
746,Rap,Bag On Me,Dance like nobody's watching
747,Rap,Right Now,Dance around a bit
748,Rap,R.I.P.C.D.,Dance around a bit
749,Rap,Revenge,Dance like nobody's watching
750,Rap,Gospel,Dance around a bit
751,Rap,Redbone,Dance like nobody's watching
752,Rap,Hard In Da Paint - Explicit Album Version,Dance around a bit
753,Rap,Magnolia,Dance like nobody's watching
754,Rap,Minute,Dance around a bit
755,Rap,I'm the One,Dance around a bit
756,Rap,Unforgettable,Dance like nobody's watching
757,Rap,You Da Baddest,Dance like nobody's watching
758,Rap,Everyday We Lit (feat. PnB Rock),Dance like nobody's watching
759,Rap,wokeuplikethis*,Dance like nobody's watching
760,Rap,Bank Account,Dance like nobody's watching
761,Rap,Bad Business,Dance like nobody's watching
762,Rap,LOVE. FEAT. ZACARI.,Dance like nobody's watching
763,Rap,4 AM,Dance like nobody's watching
764,Rap,Hot N*gga,Dance like nobody's watching
765,Rap,F*ck Up Some Commas,Dance like nobody's watching
766,Rap,Glock In My Benz,Dance around a bit
767,Rap,I Don't Like (Remix),No Dancing Here
768,Rap,Wicked Ways,Dance like nobody's watching
769,Rap,Bombs Away (feat. Morgan Freeman) - feat. Morgan Freeman,Dance around a bit
770,Rap,Si Ingenting Stavanger,Dance like nobody's watching
771,Rap,In Da Club,Dance like nobody's watching
772,Rap,I Like Tuh,Dance around a bit
773,Rap,"Airplanes, Part II (feat Eminem & Hayley Williams of Paramore) - Explicit Album Version",Dance around a bit
774,Rap,Strange Clouds (feat. Lil Wayne) - feat. Lil Wayne,Dance around a bit
775,Rap,"Me, Myself & I",Dance like nobody's watching
776,Rap,Sing For The Moment,Dance around a bit
777,Rap,The Next Episode,Dance like nobody's watching
778,Rap,'Till I Collapse,Dance around a bit
779,Rap,Dirt Off Your Shoulder,Dance like nobody's watching
780,Rap,My Life,Dance around a bit
781,Rap,Put You On The Game,No Dancing Here
782,Rap,The Streetz of Compton (feat. JT),Dance around a bit
783,Rap,Cleanin' Out My Closet,Dance like nobody's watching
784,Rap,King Of Everything,Dance like nobody's watching
785,Rap,Black And Yellow,Dance around a bit
786,Rap,Out Of My Mind (feat. Nicki Minaj) - feat. Nicki Minaj,Dance around a bit
787,Rap,Hello (Remix),Dance around a bit
788,Rap,So Alone,Dance like nobody's watching
789,Rap,7 Years (Remix),Dance like nobody's watching
790,Rap,Marvins Room,No Dancing Here
791,Rap,Mansion,No Dancing Here
792,Rap,Therapy Session,Dance around a bit
793,Rap,These Days,Dance like nobody's watching
794,Rap,Epiphany (feat. NF),Dance like nobody's watching
795,Rap,Transforming,Dance like nobody's watching
796,Rap,Reflection,Dance like nobody's watching
797,Rap,Mental Issues,Dance like nobody's watching
798,Rap,Intro III,No Dancing Here
799,Rap,Outcast,Dance like nobody's watching
800,Rap,1-800-273-8255,Dance around a bit
801,Rap,Black SpiderMan,Dance around a bit
802,Rap,Everybody,Dance like nobody's watching
803,Rap,Hallelujah,Dance around a bit
804,Rap,Take It Back,Dance like nobody's watching
805,Rap,Flexicution,Dance like nobody's watching
806,Rap,Slave,Dance like nobody's watching
807,Rap,Alright,Dance like nobody's watching
808,Rap,No Problem (feat. Lil Wayne & 2 Chainz),Dance around a bit
809,Rap,Smoke Break (feat. Future),Dance like nobody's watching
810,Rap,Me You,Dance like nobody's watching
811,Rap,Losin Control,Dance like nobody's watching
812,Rap,Do It Myself,Dance like nobody's watching
813,Rap,Angels (feat. Saba),Dance like nobody's watching
814,Rap,Light,Dance around a bit
815,Rap,Bounce Back,Dance like nobody's watching
816,Rap,No Favors,Dance around a bit
817,Rap,Jump Out The Window,Dance like nobody's watching
818,Rap,Moves,Dance like nobody's watching
819,Rap,Same Time Pt. 1,Dance around a bit
820,Rap,Owe Me,Dance around a bit
821,Rap,Halfway Off The Balcony,Dance around a bit
822,Rap,Voices In My Head/Stick To The Plan,No Dancing Here
823,Rap,Sunday Morning Jetpack,No Dancing Here
824,Rap,Inspire Me,Dance like nobody's watching
825,Rap,Sacrifices,Dance like nobody's watching
826,Rap,Bigger Than Me,No Dancing Here
827,Rap,V. 3005,No Dancing Here
828,Rap,Passionfruit,Dance like nobody's watching
829,Rap,Swang,Dance around a bit
830,Rap,Congratulations,Dance around a bit
831,Rap,Go Flex,Dance around a bit
832,Rap,White Iverson,Dance around a bit
833,Rap,HUMBLE.,Dance like nobody's watching
834,Rap,LOYALTY. FEAT. RIHANNA.,Dance around a bit
835,Rap,I Don't Fuck With You,Dance like nobody's watching
836,Rap,Pop Style,Dance like nobody's watching
837,Rap,Needed Me,Dance around a bit
838,Rap,Waves,No Dancing Here
839,Rap,Controlla,Dance around a bit
840,Rap,Starboy,Dance around a bit
841,Rap,Myself,Dance around a bit
842,Rap,Skateboard P (feat. Big Sean),Dance like nobody's watching
843,Rap,Kill,Dance around a bit
844,Rap,Remember You,Dance around a bit
845,Rap,TEMPTATION,Dance like nobody's watching
846,Rap,Time (feat. G-Eazy & Olivver the Kid),Dance like nobody's watching
847,Rap,Wyclef Jean,Dance like nobody's watching
848,Rap,goosebumps,Dance like nobody's watching
849,Rap,Kindest Regards,Dance around a bit
850,Rap,Burn Bridges (feat. Chose),Dance like nobody's watching
851,Rap,America,Dance like nobody's watching
852,Rap,Confess,Dance like nobody's watching
853,Rap,Killing Spree,Dance like nobody's watching
854,Rap,Ink Blot,Dance like nobody's watching
855,Rap,Mos Definitely,Dance around a bit
856,Rap,Waiting Room,Dance around a bit
857,Rap,Anziety,Dance around a bit
858,Rap,AfricAryaN,Dance around a bit
859,Rap,Ambitionz Az A Ridah,Dance like nobody's watching
860,Rap,All About U,Dance like nobody's watching
861,Rap,Skandalouz,Dance like nobody's watching
862,Rap,Got My Mind Made Up,Dance like nobody's watching
863,Rap,How Do U Want It,Dance like nobody's watching
864,Rap,2 Of Amerikaz Most Wanted,Dance like nobody's watching
865,Rap,No More Pain,Dance like nobody's watching
866,Rap,Heartz Of Men - Album Version (Edited),Dance like nobody's watching
867,Rap,Life Goes On - Album Version (Edited),Dance around a bit
868,Rap,Only God Can Judge Me,Dance like nobody's watching
869,Rap,Tradin War Stories,Dance around a bit
870,Rap,California Love (remix),Dance around a bit
871,Rap,I Ain't Mad At Cha - Album Version (Edited),Dance like nobody's watching
872,Rap,Whatz Ya Phone #,Dance around a bit
873,Rap,Can't C Me,Dance like nobody's watching
874,Rap,Shorty Wanna Be A Thug,Dance like nobody's watching
875,Rap,Holla At Me,Dance like nobody's watching
876,Rap,Wonda Why They Call U B____,Dance like nobody's watching
877,Rap,When We Ride,Dance like nobody's watching
878,Rap,Thug Passion,Dance like nobody's watching
879,Rap,Picture Me Rollin' - Album Version (Edited),Dance like nobody's watching
880,Rap,Check Out Time,Dance like nobody's watching
881,Rap,Ratha Be Ya N____,Dance like nobody's watching
882,Rap,All Eyez On Me,Dance like nobody's watching
883,Rap,Run Tha Streetz,Dance like nobody's watching
884,Rap,Ain't Hard 2 Find,Dance like nobody's watching
885,Rap,Heaven Ain't Hard 2 Find,Dance like nobody's watching
886,Rap,Guilty Conscience,Dance like nobody's watching
887,Rap,Brain Damage,Dance like nobody's watching
888,Rap,'97 Bonnie & Clyde,Dance like nobody's watching
889,Rap,Bitch - Skit,Dance like nobody's watching
890,Rap,My Fault,Dance like nobody's watching
891,Rap,Ken Kaniff - Skit,Dance like nobody's watching
892,Rap,Cum On Everybody,Dance like nobody's watching
893,Rap,Rock Bottom,Dance like nobody's watching
894,Rap,Just Don't Give a F**,Dance around a bit
895,Rap,Soap - Skit,No Dancing Here
896,Rap,As The World Turns,Dance like nobody's watching
897,Rap,I'm Shady,Dance like nobody's watching
898,Rap,Bad Meets Evil,Dance around a bit
899,Rap,Still Don't Give A Fuck,Dance around a bit
900,Rap,Public Service Announcement 2000,Dance like nobody's watching
901,Rap,Kill You,Dance like nobody's watching
902,Rap,Stan,Dance like nobody's watching
903,Rap,Paul - Skit,No Dancing Here
904,Rap,Who Knew,Dance like nobody's watching
905,Rap,Steve Berman,Dance like nobody's watching
906,Rap,The Way I Am,Dance like nobody's watching
907,Rap,The Real Slim Shady,Dance like nobody's watching
908,Rap,Remember Me?,Dance like nobody's watching
909,Rap,I'm Back,Dance like nobody's watching
910,Rap,Marshall Mathers,Dance around a bit
911,Rap,Ken Kaniff - Skit,Dance around a bit
912,Rap,Drug Ballad,Dance like nobody's watching
913,Rap,Amityville,Dance like nobody's watching
914,Rap,Bitch Please II,Dance like nobody's watching
915,Rap,Kim,Dance around a bit
916,Rap,Under The Influence,Dance like nobody's watching
917,Rap,Criminal,Dance like nobody's watching
918,Rap,Curtains Up - Skit,No Dancing Here
919,Rap,White America,Dance around a bit
920,Rap,Business,Dance like nobody's watching
921,Rap,Cleanin' Out My Closet,Dance like nobody's watching
922,Rap,Square Dance,Dance like nobody's watching
923,Rap,The Kiss - Skit,Dance around a bit
924,Rap,Soldier,Dance like nobody's watching
925,Rap,Say Goodbye Hollywood,Dance like nobody's watching
926,Rap,Drips,Dance like nobody's watching
927,Rap,Without Me,Dance like nobody's watching
928,Rap,Paul Rosenberg - Skit,Dance like nobody's watching
929,Rap,Sing For The Moment,Dance around a bit
930,Rap,Superman,Dance like nobody's watching
931,Rap,Hailie's Song,Dance like nobody's watching
932,Rap,Steve Berman - Skit,Dance like nobody's watching
933,Rap,When The Music Stops,Dance like nobody's watching
934,Rap,Say What You Say,Dance like nobody's watching
935,Rap,'Till I Collapse,Dance around a bit
936,Rap,My Dad's Gone Crazy,Dance like nobody's watching
937,Rap,Curtains Close,Dance around a bit
938,Rap,Encore,Dance around a bit
939,Rap,Evil Deeds,Dance like nobody's watching
940,Rap,Never Enough,Dance like nobody's watching
941,Rap,Yellow Brick Road,Dance around a bit
942,Rap,Like Toy Soldiers,Dance around a bit
943,Rap,Mosh,Dance around a bit
944,Rap,Puke,Dance like nobody's watching
945,Rap,My 1st Single,Dance like nobody's watching
946,Rap,Paul - Skit,Dance like nobody's watching
947,Rap,Rain Man,Dance like nobody's watching
948,Rap,Big Weenie,Dance around a bit
949,Rap,Em Calls Paul - Skit,Dance around a bit
950,Rap,Just Lose It,Dance like nobody's watching
951,Rap,Ass Like That,Dance around a bit
952,Rap,Spend Some Time,Dance like nobody's watching
953,Rap,Mockingbird,Dance around a bit
954,Rap,Crazy In Love,Dance around a bit
955,Rap,One Shot 2 Shot,Dance like nobody's watching
956,Rap,Final Thought - Skit,Dance around a bit
957,Rap,Encore/Curtains Down,Dance around a bit
958,Rap,Crack A Bottle,Dance around a bit
959,Rap,We Made You,Dance like nobody's watching
960,Rap,Big Poppa,Dance like nobody's watching
961,Rap,Hypnotize - 2014 Remastered Version,Dance like nobody's watching
962,Rap,Mo Money Mo Problems (feat. Mase & Puff Daddy) - 2014 Remastered Version,Dance like nobody's watching
963,Rap,Notorious Thugs - 2014 Remastered Version,Dance like nobody's watching
964,Rap,#!*@ You Tonight (feat. R. Kelly) - 2014 Remastered Version,Dance around a bit
965,Rap,Victory (feat. The Notorious B.I.G. & Busta Rhymes),Dance around a bit
966,Rap,Been Around The World (feat. The Notorious B.I.G. & Mase),Dance like nobody's watching
967,Rap,"It's All About The Benjamins (feat. The Notorious B.I.G., Lil' Kim & The Lox) - Remix",Dance like nobody's watching
968,Rap,I'll Be Missing You (feat. Faith Evans & 112),Dance like nobody's watching
969,Rap,Can't Nobody Hold Me Down (feat. Mase),Dance like nobody's watching
970,Rap,Get Ur Freak On (Guide Vocal) - Originally performed by Missy Elliot,Dance like nobody's watching
971,Rap,So What'Cha Want - 2009 Digital Remaster,Dance around a bit
972,Rap,Intergalactic - Digitally Remastered 2005,Dance like nobody's watching
973,Rap,Sabotage,No Dancing Here
974,Rap,Yoke the Joker,Dance like nobody's watching
975,Rap,Wickedest Man Alive,Dance like nobody's watching
976,Rap,Damn It Feels Good to Be a Gangsta,Dance like nobody's watching
977,Rap,Rhymin & Stealin,Dance around a bit
978,Rap,The New Style,Dance around a bit
979,Rap,Whatever You Like,Dance around a bit
980,Rap,Let's Get It Crackin',No Dancing Here
981,Rap,I Came to Party,Dance around a bit
982,Rap,Rack City,Dance like nobody's watching
983,Rap,Thrift Shop (feat. Wanz),Dance like nobody's watching
984,Rap,Shake That,Dance like nobody's watching
985,Rap,Love The Way You Lie,Dance like nobody's watching
986,Rap,'Till I Collapse,Dance around a bit
987,Rap,1st of Tha Month,Dance like nobody's watching
988,Rap,Tha Crossroads,Dance around a bit
989,Rap,All I Do Is Win,Dance around a bit
990,Rap,Regulate,Dance like nobody's watching
991,Rap,Public Service Announcement,Dance around a bit
992,Rap,My Name Is,Dance like nobody's watching
993,Rap,Paul - Skit,Dance around a bit
994,Rap,If I Had,Dance like nobody's watching
995,Rap,Role Model,Dance like nobody's watching
996,Rap,Lounge - Skit,No Dancing Here
997,Rap,Just Don't Give A Fuck,Dance around a bit
998,Rap,Dr. West - Skit,No Dancing Here
999,Rap,3 a.m.,Dance like nobody's watching
1000,Rap,My Mom,Dance like nobody's watching
1001,Rap,Insane,Dance like nobody's watching
1002,Rap,Bagpipes From Baghdad,Dance like nobody's watching
1003,Rap,Hello,Dance like nobody's watching
1004,Rap,Tonya - Skit,Dance around a bit
1005,Rap,Same Song & Dance,Dance like nobody's watching
1006,Rap,Medicine Ball,Dance like nobody's watching
1007,Rap,Paul - Skit,Dance like nobody's watching
1008,Rap,Stay Wide Awake,Dance like nobody's watching
1009,Rap,Old Time's Sake,Dance like nobody's watching
1010,Rap,Must Be The Ganja,Dance like nobody's watching
1011,Rap,Mr. Mathers - Skit,No Dancing Here
1012,Rap,Deja Vu,Dance like nobody's watching
1013,Rap,Beautiful,Dance like nobody's watching
1014,Rap,Crack A Bottle,Dance around a bit
1015,Rap,Steve Berman - Skit,Dance like nobody's watching
1016,Rap,Underground,Dance around a bit
1017,Rap,Cold Wind Blows,Dance around a bit
1018,Rap,Talkin’ 2 Myself,No Dancing Here
1019,Rap,On Fire,Dance like nobody's watching
1020,Rap,Won't Back Down,No Dancing Here
1021,Rap,W.T.P.,Dance like nobody's watching
1022,Rap,Going Through Changes,Dance around a bit
1023,Rap,Not Afraid,Dance like nobody's watching
1024,Rap,Seduction,No Dancing Here
1025,Rap,No Love,Dance like nobody's watching
1026,Rap,Space Bound,Dance around a bit
1027,Rap,Cinderella Man,Dance around a bit
1028,Rap,25 To Life,Dance around a bit
1029,Rap,So Bad,Dance like nobody's watching
1030,Rap,Almost Famous,Dance around a bit
1031,Rap,You’re Never Over,No Dancing Here
1032,Rap,Untitled,Dance like nobody's watching
1033,Rap,Cold Wind Blows,Dance around a bit
1034,Rap,Talkin’ 2 Myself,No Dancing Here
1035,Rap,On Fire,Dance like nobody's watching
1036,Rap,Won't Back Down,No Dancing Here
1037,Rap,W.T.P.,Dance like nobody's watching
1038,Rap,Going Through Changes,Dance around a bit
1039,Rap,Not Afraid,Dance like nobody's watching
1040,Rap,Seduction,No Dancing Here
1041,Rap,No Love,Dance like nobody's watching
1042,Rap,Space Bound,Dance around a bit
1043,Rap,Cinderella Man,Dance around a bit
1044,Rap,25 To Life,Dance around a bit
1045,Rap,So Bad,Dance like nobody's watching
1046,Rap,Almost Famous,Dance around a bit
1047,Rap,Love The Way You Lie,Dance like nobody's watching
1048,Rap,You’re Never Over,No Dancing Here
1049,Rap,Untitled,Dance like nobody's watching
1050,Rap,One Dance,Dance like nobody's watching
1051,Rap,Pop Style,Dance like nobody's watching
1052,Rap,"Me, Myself & I",Dance like nobody's watching
1053,Rap,Famous,No Dancing Here
1054,Rap,Summer Sixteen,Dance around a bit
1055,Rap,Pussy Monster,No Dancing Here
1056,Rap,Ultralight Beam,Dance around a bit
1057,Rap,untitled 02 | 06.23.2014.,Dance around a bit
1058,Rap,Blue Suede,No Dancing Here
1059,Rap,Lift Me Up,Dance around a bit
1060,Rap,Yonkers,Dance like nobody's watching
1061,Rap,Might Not,Dance like nobody's watching
1062,Rap,Low Life,Dance like nobody's watching
1063,Rap,Nothing But Trouble - Instagram Models,Dance like nobody's watching
1064,Rap,6 Foot 7 Foot,No Dancing Here
1065,Rap,A Milli,Dance around a bit
1066,Rap,How To Love,Dance around a bit
1067,Rap,Lollipop,Dance like nobody's watching
1068,Rap,Look At Me Now,Dance like nobody's watching
1069,Rap,Marvins Room,No Dancing Here
1070,Rap,Panda,Dance around a bit
1071,Rap,Work REMIX,Dance like nobody's watching
1072,Rap,Wicked,Dance like nobody's watching
1073,Rap,All We Got (feat. Kanye West & Chicago Children's Choir),Dance around a bit
1074,Rap,Yamborghini High,Dance like nobody's watching
1075,Rap,Trap Queen,Dance like nobody's watching
1076,Rap,Shabba,Dance like nobody's watching
1077,Rap,Or Nah (feat. Wiz Khalifa and DJ Mustard),Dance like nobody's watching
1078,Rap,Acquainted,No Dancing Here
1079,Rap,No Problem (feat. Lil Wayne & 2 Chainz),Dance around a bit
1080,Rap,Starboy,Dance around a bit
1081,Rap,Broccoli (feat. Lil Yachty),Dance like nobody's watching
1082,Rap,Too Good,Dance like nobody's watching
1083,Rap,The Greatest,Dance around a bit
1084,Rap,Legend,Dance like nobody's watching
1085,Rap,F**kin' Problems,Dance like nobody's watching
1086,Rap,Ni**as In Paris,Dance like nobody's watching
1087,Rap,Bad and Boujee (feat. Lil Uzi Vert),Dance like nobody's watching
1088,Rap,iSpy (feat. Lil Yachty),Dance like nobody's watching
1089,Rap,Caroline,Dance like nobody's watching
1090,Rap,Passionfruit,Dance like nobody's watching
1091,Rap,DNA.,Dance around a bit
1092,Rap,HUMBLE.,Dance like nobody's watching
1093,Rap,Mask Off,Dance like nobody's watching
1094,Rap,Location,Dance like nobody's watching
1095,Rap,XO TOUR Llif3,Dance like nobody's watching
1096,Rap,Gold Digger,Dance around a bit
1097,Rap,Spice Girl,Dance around a bit
1098,Rap,Knuckleheadz,Dance like nobody's watching
1099,Rap,Yae Yo,Dance like nobody's watching
1100,Rap,100 Rounds,Dance around a bit
1101,Rap,Wildflower,Dance like nobody's watching
1102,Rap,N.Y. State of Mind,Dance around a bit
1103,Rap,Affirmative Action,Dance around a bit
1104,Rap,If I Ruled the World (Imagine That),Dance like nobody's watching
1105,Rap,You're da Man,Dance around a bit
1106,Rap,One Mic,Dance like nobody's watching
1107,Rap,My Country,Dance like nobody's watching
1108,Rap,Desperados,Dance like nobody's watching
1109,Rap,The Light,Dance like nobody's watching
1110,Rap,Testify,Dance like nobody's watching
1111,Rap,The Seed (2.0),Dance like nobody's watching
1112,Rap,Adrenaline!,Dance like nobody's watching
1113,Rap,The Next Movement,Dance like nobody's watching
1114,Rap,Dance With the Devil,Dance around a bit
1115,Rap,Duck Seazon,Dance like nobody's watching
1116,Rap,I Against I,Dance like nobody's watching
1117,Rap,Heavenly Divine,Dance like nobody's watching
1118,Rap,Blood Reign,Dance like nobody's watching
1119,Rap,Blood Runs Cold,Dance like nobody's watching
1120,Rap,Rise Of The Machines,Dance like nobody's watching
1121,Rap,Nada Cambia,Dance like nobody's watching
1122,Rap,Verbal Intercourse,Dance like nobody's watching
1123,Rap,Fu-Gee-La,Dance around a bit
1124,Rap,The Glory,No Dancing Here
1125,Rap,Champion,No Dancing Here
1126,Rap,My Way Home,Dance around a bit
1127,Rap,Flashing Lights,Dance around a bit
1128,Rap,Homecoming,Dance around a bit
1129,Rap,Day 'N' Nite (nightmare),Dance like nobody's watching
1130,Rap,Sky Might Fall,Dance around a bit
1131,Rap,Up Up & Away,Dance around a bit
1132,Rap,Slow Jamz,Dance around a bit
1133,Rap,Be (Intro),Dance around a bit
1134,Rap,You Was Right,Dance like nobody's watching
1135,Rap,Low Life,Dance like nobody's watching
1136,Rap,Pull Up (feat. Lil Uzi Vert),Dance like nobody's watching
1137,Rap,That's All She Wrote (feat. Eminem),No Dancing Here
1138,Rap,Alice In Wonderland,Dance like nobody's watching
1139,Rap,Do You,Dance like nobody's watching
1140,Rap,January 28th,No Dancing Here
1141,Rap,Oz.,Dance like nobody's watching
1142,Rap,Till I Die,Dance like nobody's watching
1143,Rap,Alpha Omega,Dance like nobody's watching
1144,Rap,Man Of The Year,Dance like nobody's watching
1145,Rap,White Tan,Dance like nobody's watching
1146,Rap,D3MONS,No Dancing Here
1147,Rap,Edge Of Destruction,Dance like nobody's watching
1148,Rap,Whatever You Like,Dance around a bit
1149,Rap,Dead And Gone (feat. Justin Timberlake),Dance like nobody's watching
1150,Rap,"Me, Myself & I",Dance like nobody's watching
1151,Rap,Bottom of the Bottle (feat. August Alsina & Lil Wayne),Dance like nobody's watching
1152,Rap,Space Bound,Dance around a bit
1153,Rap,25 To Life,Dance around a bit
1154,Rap,Love The Way You Lie,Dance like nobody's watching
1155,Rap,Beautiful,Dance like nobody's watching
1156,Rap,No Apologies,Dance around a bit
1157,Rap,Back Up,Dance like nobody's watching
1158,Rap,Not The Only One,Dance like nobody's watching
1159,Rap,Hard For,Dance like nobody's watching
1160,Rap,Wait,Dance around a bit
1161,Rap,Johnny Cash,No Dancing Here
1162,Rap,Devil In My Veins,No Dancing Here
1163,Rap,Tennessee Love,Dance like nobody's watching
1164,Rap,Love Story,Dance around a bit
1165,Rap,Sky’s The Limit,Dance like nobody's watching
1166,Rap,Fiddle Me This,Dance like nobody's watching
1167,Rap,Love Is Not Enough,Dance like nobody's watching
1168,Rap,Mr. Nice Watch,Dance around a bit
1169,Rap,"Chosen (feat. T.I., B.o.B, Spodee)",Dance around a bit
1170,Rap,2 Phones,Dance like nobody's watching
1171,Rap,The Hills - Remix,Dance around a bit
1172,Rap,Intro,Dance around a bit
1173,Rap,Intro 2,Dance around a bit
1174,Rap,Real,Dance like nobody's watching
1175,Rap,Oh Lord,Dance around a bit
1176,Rap,Got You On My Mind,Dance around a bit
1177,Rap,Grindin',Dance around a bit
1178,Rap,Wish You Wouldn't,No Dancing Here
1179,Rap,Drippin',Dance like nobody's watching
1180,Rap,No Days Off (feat. Monty),Dance around a bit
1181,Rap,Under Ground Kings,No Dancing Here
1182,Rap,Speedom (Wwc2),Dance like nobody's watching
1183,Rap,My Life,Dance around a bit
1184,Rap,We Ain't,Dance around a bit
1185,Rap,Merry Go Round,Dance around a bit
1186,Rap,Nothing to Lose,Dance like nobody's watching
1187,Rap,Love You More,Dance like nobody's watching
1188,Rap,Loud,Dance around a bit
1189,Rap,Do It Again,Dance like nobody's watching
1190,Rap,Pop The Trunk,Dance like nobody's watching
1191,Rap,Die Alone,Dance like nobody's watching
1192,Rap,Lace Up,Dance like nobody's watching
1193,Rap,Don't Tell 'Em,Dance like nobody's watching
1194,Rap,Money Longer,Dance like nobody's watching
1195,Rap,A-Team,Dance around a bit
1196,Rap,Roped Off (feat. Problem & Boogie),Dance like nobody's watching
1197,Rap,One Night,Dance like nobody's watching
1198,Rap,California Love - Original Version,Dance like nobody's watching
1199,Rap,Ambitionz Az A Ridah,Dance like nobody's watching
1200,Rap,Wake Up,Dance around a bit
1201,Rap,Come Get Her,Dance around a bit
1202,Rap,Flexin & Finessin,Dance around a bit
1203,Rap,Tapout,Dance like nobody's watching
1204,Rap,Watch Your Back,No Dancing Here
1205,Rap,Key to the Streets (feat. Migos & Trouble),Dance like nobody's watching
1206,Rap,We All Fall,Dance around a bit
1207,Rap,Give'em Hell (feat. the Lacs & Danny Boone),Dance like nobody's watching
1208,Rap,Last Chance,Dance around a bit
1209,Rap,Underground,Dance around a bit
1210,Rap,Elevator,Dance like nobody's watching
1211,Rap,Careful What You Wish For,Dance like nobody's watching
1212,Rap,White America,Dance around a bit
1213,Rap,Soldier,Dance like nobody's watching
1214,Rap,Sing For The Moment,Dance around a bit
1215,Rap,Superman,Dance like nobody's watching
1216,Rap,Hailie's Song,Dance like nobody's watching
1217,Rap,When The Music Stops,Dance like nobody's watching
1218,Rap,'Till I Collapse,Dance around a bit
1219,Rap,No Love,Dance like nobody's watching
1220,Rap,The Way I Am,Dance like nobody's watching
1221,Rap,Rap God,Dance like nobody's watching
1222,Rap,Won’t Give Up,Dance around a bit
1223,Rap,Wicked Ways,Dance like nobody's watching
1224,Rap,Bad Meets Evil,Dance around a bit
1225,Rap,Don't Stop (feat. Crucifix),Dance like nobody's watching
1226,Rap,Forgot About Dre,Dance like nobody's watching
1227,Rap,Broccoli (feat. Lil Yachty),Dance like nobody's watching
1228,Rap,Bronco (feat. Jelly Roll),Dance like nobody's watching
1229,Rap,Down 2 Die,Dance around a bit
1230,Rap,Se7en Drinks,Dance around a bit
1231,Rap,Young Man,Dance like nobody's watching
1232,Rap,"Wat U Mean (Aye, Aye, Aye)",Dance like nobody's watching
1233,Rap,Forever,No Dancing Here
1234,Rap,Drop The World,Dance around a bit
1235,Rap,EST 4 Life,Dance around a bit
1236,Rap,Desperation,Dance like nobody's watching
1237,Rap,I Got the Keys,Dance around a bit
1238,Rap,Dap You Up,Dance like nobody's watching
1239,Rap,Double Count (feat. Capo Cheeze),Dance like nobody's watching
1240,Rap,Dopeman,Dance like nobody's watching
1241,Rap,Letter from Lucci,Dance like nobody's watching
1242,Rap,Do What I Want,Dance around a bit
1243,Rap,I Just Wanna...,Dance like nobody's watching
1244,Rap,Tiimmy Turner,Dance around a bit
1245,Rap,"Or Nah (feat. The Weeknd, Wiz Khalifa and DJ Mustard) - Remix",Dance like nobody's watching
1246,Rap,Promise,Dance like nobody's watching
1247,Rap,Ride Out,Dance around a bit
1248,Rap,Minnesota,Dance like nobody's watching
1249,Rap,I Don't Really Care - feat. Trey Songz,Dance around a bit
1250,Rap,Hard In Da Paint - Explicit Album Version,Dance around a bit
1251,Rap,Weekend (feat. Miguel),Dance like nobody's watching
1252,Rap,Plug Daughter,Dance like nobody's watching
1253,Rap,Sit Down,Dance like nobody's watching
1254,Rap,Love You,Dance around a bit
1255,Rap,Erase Your Social,Dance like nobody's watching
1256,Rap,Wait for It,Dance like nobody's watching
1257,Rap,Bad Things (with Camila Cabello),Dance around a bit
1258,Rap,Top,Dance like nobody's watching
1259,Rap,Great Example,Dance around a bit
1260,Rap,Black Beatles,Dance like nobody's watching
1261,Rap,Donald Trump,Dance around a bit
1262,Rap,Took Time,Dance like nobody's watching
1263,Rap,Till It's Gone,Dance like nobody's watching
1264,Rap,Infinite,Dance around a bit
1265,Rap,Magic,Dance around a bit
1266,Rap,No Problem (feat. Lil Wayne & 2 Chainz),Dance around a bit
1267,Rap,7am,Dance around a bit
1268,Rap,Skrt,Dance like nobody's watching
1269,Rap,Reppin Dat (feat. Machine Gun Kelly),Dance like nobody's watching
1270,Rap,OOOUUU,Dance around a bit
1271,Rap,Immortal,Dance like nobody's watching
1272,Rap,Heart,Dance around a bit
1273,Rap,Still Think About You,Dance like nobody's watching
1274,Rap,Party Monster,Dance around a bit
1275,Rap,St. Brick Intro,Dance like nobody's watching
1276,Rap,Count up (Bonus),Dance like nobody's watching
1277,Rap,Pillin' Spree,Dance around a bit
1278,Rap,Cashville,Dance like nobody's watching
1279,Rap,Best Friend,Dance like nobody's watching
1280,Rap,Canadian Goose,Dance like nobody's watching
1281,Rap,Selfish,Dance around a bit
1282,Rap,99 Problems & Messages,Dance like nobody's watching
1283,Rap,Timeless (DJ SPINKING),Dance around a bit
1284,Rap,Trap House,Dance like nobody's watching
1285,Rap,D.T.B. - Interlude,Dance around a bit
1286,Rap,There He Go,Dance like nobody's watching
1287,Rap,SideLine Watching (Hold Up),Dance like nobody's watching
1288,Rap,Hi Roller,Dance like nobody's watching
1289,Rap,Original Uzi (4 Of Us),Dance like nobody's watching
1290,Rap,Stand Back,Dance like nobody's watching
1291,Rap,Documentary (feat. Bigga Rankin),No Dancing Here
1292,Rap,White Girl,Dance around a bit
1293,Rap,Like Me,Dance like nobody's watching
1294,Rap,Heart Of The Projects,Dance around a bit
1295,Rap,Rabbit Run - Soundtrack Version (Explicit),Dance around a bit
1296,Rap,No Favors,Dance around a bit
1297,Rap,Congratulations,Dance around a bit
1298,Rap,The Let Out,Dance like nobody's watching
1299,Rap,First Day Out,Dance around a bit
1300,Rap,Party By Myself,Dance around a bit
1301,Rap,Come and Get It,Dance like nobody's watching
1302,Rap,The Other Way,Dance like nobody's watching
1303,Rap,Go Flex,Dance around a bit
1304,Rap,"Go Off (with Lil Uzi Vert, Quavo & Travis Scott)",Dance like nobody's watching
1305,Rap,Too Many Years,Dance around a bit
1306,Rap,At My Best (feat. Hailee Steinfeld),Dance around a bit
1307,Rap,iSpy (feat. Lil Yachty),Dance like nobody's watching
1308,Rap,Terminus,Dance around a bit
1309,Rap,Throw Away,Dance around a bit
1310,Rap,Warm Up,Dance around a bit
1311,Rap,Ammunition (feat. YFN Trae Pound),Dance like nobody's watching
1312,Rap,Fast Lane,Dance around a bit
1313,Rap,The Gunner,Dance like nobody's watching
1314,Rap,Wake + Bake,No Dancing Here
1315,Rap,Go For Broke (feat. James Arthur),Dance around a bit
1316,Rap,At My Best (feat. Hailee Steinfeld),Dance around a bit
1317,Rap,Kiss the Sky,Dance like nobody's watching
1318,Rap,Golden God,Dance around a bit
1319,Rap,Trap Paris (feat. Quavo & Ty Dolla $ign),Dance like nobody's watching
1320,Rap,Moonwalkers (feat. DubXX),Dance like nobody's watching
1321,Rap,Can’t Walk,Dance around a bit
1322,Rap,Bad Things (with Camila Cabello),Dance around a bit
1323,Rap,Rehab,No Dancing Here
1324,Rap,Let You Go,Dance around a bit
1325,Rap,27,No Dancing Here
1326,Rap,I Know (feat. Chip da Ripper & Machine Gun Kelly),Dance around a bit
1327,Rap,All for You,Dance around a bit
1328,Rap,D.A.M.,Dance around a bit
1329,Rap,Hold On,Dance like nobody's watching
1330,Rap,Hold Me Tight,Dance like nobody's watching
1331,Rap,Wheels Fall Off,Dance around a bit
1332,Rap,She's the Devil,Dance like nobody's watching
1333,Rap,Hands Up,Dance like nobody's watching
1334,Rap,Promises,Dance around a bit
1335,Rap,No Love,Dance around a bit
1336,Rap,Story of a Snitch,Dance around a bit
1337,Rap,In My Zone,Dance like nobody's watching
1338,Rap,Misunderstood,Dance like nobody's watching
1339,Rap,The Way Life Goes (feat. Oh Wonder),Dance like nobody's watching
1340,Rap,Hate Goes On,Dance like nobody's watching
1341,Rap,Legacy,Dance around a bit
1342,Rap,Phenomenal,Dance around a bit
1343,Rap,When You Come Home,Dance around a bit
1344,Rap,Plot Thickens,Dance like nobody's watching
1345,Rap,They Know (feat. Alexander King),Dance around a bit
1346,Rap,Trial By Fire,Dance around a bit
1347,Rap,Shadows (feat. Joshua Hedley),Dance around a bit
1348,Rap,Get Mine (feat. Kid Rock),Dance around a bit
1349,Rap,Son Of A Gun,Dance like nobody's watching
1350,Rap,Ride Or Die,Dance around a bit
1351,Rap,Struggle Speaks (Interlude),No Dancing Here
1352,Rap,Daylight,Dance around a bit
1353,Rap,Do For Love,Dance around a bit
1354,Rap,Punk (feat. Travis Barker & Juicy J),Dance around a bit
1355,Rap,Row Your Boat,Dance like nobody's watching
1356,Rap,True To Yourself (feat. Bones Owens),Dance around a bit
1357,Rap,Sabrina,Dance like nobody's watching
1358,Rap,Violin (feat. Lee Brice),Dance like nobody's watching
1359,Rap,Keeps Me Alive (feat. Wynonna Judd),Dance around a bit
1360,Rap,Jumpman,Dance like nobody's watching
1361,Rap,100 (feat. Drake),Dance like nobody's watching
1362,Rap,I Don't Fuck Around,Dance like nobody's watching
1363,Rap,Scarface of Facebook,Dance around a bit
1364,Rap,Alright,Dance like nobody's watching
1365,Rap,Under Pressure,Dance around a bit
1366,Rap,Back To Back,Dance around a bit
1367,Rap,Big Rings,Dance like nobody's watching
1368,Rap,Nasty Freestyle,Dance like nobody's watching
1369,Rap,Ambition - feat. Meek Mill & Rick Ross,No Dancing Here
1370,Rap,The Famm,Dance like nobody's watching
1371,Rap,Bang Bang (feat. G-Eazy),Dance like nobody's watching
1372,Rap,Kylie Kendall,Dance like nobody's watching
1373,Rap,Hiatus (feat. Casey Veggies),Dance around a bit
1374,Rap,Don’t Know (feat. Mac Miller),Dance like nobody's watching
1375,Rap,Where Ya At,Dance like nobody's watching
1376,Rap,Old English,Dance like nobody's watching
1377,Rap,DOLCE & GABBANA,Dance like nobody's watching
1378,Rap,F*ck Up Some Commas,Dance like nobody's watching
1379,Rap,"Only (feat. Lil Goofy, 3d & Yung Getta Dro)",Dance around a bit
1380,Rap,Wobbin,Dance like nobody's watching
1381,Rap,Hella Straight,Dance around a bit
1382,Rap,The Difference,No Dancing Here
1383,Rap,Ni**as In Paris,Dance like nobody's watching
1384,Rap,Gold Digger,Dance around a bit
1385,Rap,Alright,Dance like nobody's watching
1386,Rap,Everyday,No Dancing Here
1387,Rap,I Don't Fuck With You,Dance like nobody's watching
1388,Rap,No Lie,Dance around a bit
1389,Rap,Don't Tell 'Em,Dance like nobody's watching
1390,Rap,679 (feat. Remy Boyz),Dance around a bit
1391,Rap,Nasty Freestyle (feat.Ty Dolla $ign & Chedda Da Connect) - Remix,Dance like nobody's watching
1392,Rap,Blessings,Dance like nobody's watching
1393,Rap,0 To 100 / The Catch Up,Dance like nobody's watching
1394,Rap,Bake Sale (feat. Travis Scott),Dance like nobody's watching
1395,Rap,Jimmy Choo,Dance like nobody's watching
1396,Rap,Best Friend,Dance like nobody's watching
1397,Rap,Work REMIX,Dance like nobody's watching
1398,Rap,Swish,Dance like nobody's watching
1399,Rap,Clique,No Dancing Here
1400,Rap,Lord Pretty Flacko Jodye 2 (LPFJ2),No Dancing Here
1401,Rap,2 Phones,Dance like nobody's watching
1402,Rap,Really Really,Dance like nobody's watching
1403,Rap,Panda,Dance around a bit
1404,Rap,Mighty & High,Dance like nobody's watching
1405,Rap,Zanzibar,Dance like nobody's watching
1406,Rap,Random,Dance around a bit
1407,Rap,R.I.C.O. (feat. Drake),Dance like nobody's watching
1408,Rap,Watch Out,Dance like nobody's watching
1409,Rap,Young & Stupid,Dance like nobody's watching
1410,Rap,Hunger,Dance like nobody's watching
1411,Rap,Party People (feat. Social Club),Dance like nobody's watching
1412,Rap,Feel The Love - feat. Childish Gambino [VIP Mix],Dance like nobody's watching
1413,Rap,No Role Modelz,Dance around a bit
1414,Rap,A Tale of 2 Citiez,Dance around a bit
1415,Rap,V. 3005,No Dancing Here
1416,Rap,Almost Famous,Dance around a bit
1417,Rap,G.O.M.D.,Dance like nobody's watching
1418,Rap,All The Way Up,No Dancing Here
1419,Rap,Bonfire,Dance around a bit
1420,Rap,One Of Them,Dance around a bit
1421,Rap,m.A.A.d city,No Dancing Here
1422,Rap,Mercy,Dance like nobody's watching
1423,Rap,Wannabe,Dance like nobody's watching
1424,Rap,I Mean It,Dance like nobody's watching
1425,Rap,Champ,Dance like nobody's watching
1426,Rap,Upgraded - Single off new EP,Dance like nobody's watching
1427,Rap,College (feat. Arizona Zervas),No Dancing Here
1428,Rap,Angels (feat. Saba),Dance like nobody's watching
1429,Rap,Bad and Boujee (feat. Lil Uzi Vert),Dance like nobody's watching
1430,Rap,T-Shirt,Dance like nobody's watching
1431,Rap,High For Hours,Dance like nobody's watching
1432,Rap,goosebumps,Dance like nobody's watching
1433,Rap,Bounce Back,Dance like nobody's watching
1434,Rap,Mask Off,Dance like nobody's watching
1435,Rap,HUMBLE.,Dance like nobody's watching
1436,Rap,'Till I Collapse,Dance around a bit
1437,Rap,X Gon' Give It To Ya,Dance like nobody's watching
1438,Rap,Numb,Dance like nobody's watching
1439,Rap,First Day Out,Dance around a bit
1440,Rap,No Effort,Dance like nobody's watching
1441,Rap,From The D To The A (feat. Lil Yachty),Dance like nobody's watching
1442,Rap,Dat $tick,Dance like nobody's watching
1443,Rap,Bank Account,Dance like nobody's watching
1444,Rap,No Flag,Dance like nobody's watching
1445,Rap,Butterfly Effect,Dance like nobody's watching
1446,Rap,Drowning (feat. Kodak Black),Dance like nobody's watching
1447,Rap,Flexicution,Dance like nobody's watching
1448,Rap,Everybody,Dance like nobody's watching
1449,Rap,Ghostwriter,Dance like nobody's watching
1450,Rap,Smoke & Mirrors,Dance around a bit
1451,Rap,1976,Dance like nobody's watching
1452,Rap,Ghostwriter Remix,Dance around a bit
1453,Rap,Lose Yourself - Soundtrack Version,Dance like nobody's watching
1454,Rap,Gold Digger,Dance around a bit
1455,Rap,Stronger,Dance around a bit
1456,Rap,Juicy,Dance like nobody's watching
1457,Rap,Hypnotize - 2014 Remastered Version,Dance like nobody's watching
1458,Rap,The Real Slim Shady,Dance like nobody's watching
1459,Rap,Without Me,Dance like nobody's watching
1460,Rap,It's Tricky,Dance like nobody's watching
1461,Rap,Only God Can Judge Me,Dance like nobody's watching
1462,Rap,Still D.R.E.,Dance like nobody's watching
1463,Rap,Still D.R.E. - Instrumental Version,Dance like nobody's watching
1464,Rap,Forgot About Dre,Dance like nobody's watching
1465,Rap,Flashing Lights,Dance around a bit
1466,Rap,Stan,Dance like nobody's watching
1467,Rap,It Was A Good Day,Dance like nobody's watching
1468,Rap,Can't Tell Me Nothing,Dance around a bit
1469,Rap,Rollout (My Business),Dance like nobody's watching
1470,Rap,Gangsta's Paradise,Dance around a bit
1471,Rap,Can't C Me,Dance like nobody's watching
1472,Rap,Hey Ya! - Radio Mix / Club Mix,Dance like nobody's watching
1473,Rap,"So Fresh, So Clean",Dance like nobody's watching
1474,Rap,Groundhog Day,Dance like nobody's watching
1475,Rap,Ms. Jackson,Dance like nobody's watching
1476,Rap,So Far...,Dance like nobody's watching
1477,Rap,ATLiens,Dance like nobody's watching
1478,Rap,Rosa Parks,Dance like nobody's watching
1479,Rap,The Way You Move - Club Mix,Dance like nobody's watching
1480,Rap,My Name Is,Dance like nobody's watching
1481,Rap,Southernplayalisticadillacmuzik,Dance around a bit
1482,Rap,C.R.E.A.M.,No Dancing Here
1483,Rap,Big Poppa,Dance like nobody's watching
1484,Rap,The Next Episode,Dance like nobody's watching
1485,Rap,Mind Playing Tricks on Me,Dance like nobody's watching
1486,Rap,California Love - Original Version,Dance like nobody's watching
1487,Rap,Ambitionz Az A Ridah,Dance like nobody's watching
1488,Rap,The Next Episode - Instrumental Version,Dance like nobody's watching
1489,Rap,Forgot About Dre - Instrumental Version,Dance like nobody's watching
1490,Rap,Intergalactic - 2009 Digital Remaster,Dance like nobody's watching
1491,Rap,Pass The Mic - 2009 Digital Remaster,Dance around a bit
1492,Rap,Elevators (Me & You),Dance like nobody's watching
1493,Rap,How I Could Just Kill a Man,Dance like nobody's watching
1494,Rap,Insane in the Brain,Dance like nobody's watching
1495,Rap,Mo Money Mo Problems (feat. Mase & Puff Daddy) - 2014 Remastered Version,Dance like nobody's watching
1496,Rap,Get Money - LP-Explicit Version,Dance like nobody's watching
1497,Rap,SideLine Watching (Hold Up),Dance like nobody's watching
1498,Rap,White Iverson,Dance around a bit
1499,Rap,Ice Melts,Dance like nobody's watching
1500,Rap,Diamonds,Dance around a bit
1501,Rap,Look Alive,Dance like nobody's watching
1502,Rap,Do What I Want,Dance around a bit
1503,Rap,Money Longer,Dance like nobody's watching
1504,Rap,Ps & Qs,Dance around a bit
1505,Rap,Congratulations,Dance around a bit
1506,Rap,Deja Vu,Dance around a bit
1507,Rap,Big Lie,No Dancing Here
1508,Rap,Patient,Dance like nobody's watching
1509,Rap,Too Young,Dance around a bit
1510,Rap,Money Made Me Do It,Dance like nobody's watching
1511,Rap,Cash Machine,Dance like nobody's watching
1512,Rap,Hit This Hard,Dance around a bit
1513,Rap,Cold,Dance around a bit
1514,Rap,Too Much Sauce,Dance like nobody's watching
1515,Rap,No Option,Dance around a bit
1516,Rap,Swang,Dance around a bit
1517,Rap,Controlla,Dance around a bit
1518,Rap,Redbone,Dance like nobody's watching
1519,Rap,Oreomilkshake,Dance like nobody's watching
1520,Rap,Miami Ultras,Dance around a bit
1521,Rap,Emails,Dance around a bit
1522,Rap,Erase Your Social,Dance like nobody's watching
1523,Rap,Mask Off,Dance like nobody's watching
1524,Rap,Top,Dance like nobody's watching
1525,Rap,Right Now,Dance around a bit
1526,Rap,Outta Time,Dance like nobody's watching
1527,Rap,Fresh Air,Dance like nobody's watching
1528,Rap,Hallucinating,Dance like nobody's watching
1529,Rap,Solo,Dance like nobody's watching
1530,Rap,Money Counter,Dance like nobody's watching
1531,Rap,Gyalchester,Dance like nobody's watching
1532,Rap,Passionfruit,Dance like nobody's watching
1533,Rap,Turn On Me,Dance like nobody's watching
1534,Rap,XO TOUR Llif3,Dance like nobody's watching
1535,Rap,"Perfect Pint (feat. Kendrick Lamar, Gucci Mane & Rae Sremmurd)",Dance like nobody's watching
1536,Rap,Bars Of Soap (feat. Swae Lee),Dance around a bit
1537,Rap,wokeuplikethis*,Dance like nobody's watching
1538,Rap,Candy Paint,Dance like nobody's watching
1539,Rap,Broke Boi,Dance like nobody's watching
1540,Rap,Grab the Wheel,Dance like nobody's watching
1541,Rap,Magnolia,Dance like nobody's watching
1542,Rap,Rollin,Dance like nobody's watching
1543,Rap,It's A Vibe,Dance like nobody's watching
1544,Rap,Blue Cheese,Dance like nobody's watching
1545,Rap,OG Kush Diet,Dance like nobody's watching
1546,Rap,Man Of The Year,Dance like nobody's watching
1547,Rap,Love Scars,Dance around a bit
1548,Rap,Minute,Dance around a bit
1549,Rap,Romeo & Juliet,Dance around a bit
1550,Rap,You Was Right,Dance like nobody's watching
1551,Rap,Canadian Goose,Dance like nobody's watching
1552,Rap,You're Lost,Dance like nobody's watching
1553,Rap,Perplexing Pegasus,Dance like nobody's watching
1554,Rap,She Wanna Party (feat. Millie Go Lightly),Dance around a bit
1555,Rap,Relationship (feat. Future),Dance like nobody's watching
1556,Rap,Yacht Master,Dance like nobody's watching
1557,Rap,Myself,Dance around a bit
1558,Rap,In Charlotte,Dance like nobody's watching
1559,Rap,But I'm Bulletproof,Dance like nobody's watching
1560,Rap,100 Shots,Dance like nobody's watching
1561,Rap,I'm So Real,Dance like nobody's watching
1562,Rap,Sauce It Up,Dance like nobody's watching
1563,Rap,Early 20 Rager,Dance around a bit
1564,Rap,Pretty Mami,Dance around a bit
1565,Rap,X,Dance around a bit
1566,Rap,Fuck Love (feat. Trippie Redd),Dance like nobody's watching
1567,Rap,Nandos,Dance like nobody's watching
1568,Rap,The Choreographer,No Dancing Here
1569,Rap,rockstar,Dance around a bit
1570,Rap,RAF,Dance like nobody's watching
1571,Rap,Door Swangin,Dance like nobody's watching
1572,Rap,Fuck It up (feat. Yg),Dance around a bit
1573,Rap,"Yours Truly, Austin Post",Dance around a bit
1574,Rap,Call It What You Want,Dance like nobody's watching
1575,Rap,Bodak Yellow,Dance like nobody's watching
1576,Rap,Two®,No Dancing Here
1577,Rap,Ill Nana (feat. Trippie Redd),Dance around a bit
1578,Rap,Feel Good,Dance around a bit
1579,Rap,Do Yoga,Dance like nobody's watching
1580,Rap,What's the Deal,Dance like nobody's watching
1581,Rap,Eddie Cane,Dance like nobody's watching
1582,Rap,Thinking Out Loud,Dance like nobody's watching
1583,Rap,Cruise Ship,Dance like nobody's watching
1584,Rap,Don't Judge Me (feat. Future and Swae Lee),Dance like nobody's watching
1585,Rap,Ghostface Killers,Dance like nobody's watching
1586,Rap,Ric Flair Drip,Dance like nobody's watching
1587,Rap,Can't Nobody Hold Me Down (feat. Mase),Dance like nobody's watching
1588,Rap,Victory (feat. The Notorious B.I.G. & Busta Rhymes),Dance around a bit
1589,Rap,Can't Nobody Hold Me Down (feat. Mase),Dance like nobody's watching
1590,Rap,Hypnotize - 2014 Remastered Version,Dance like nobody's watching
1591,Rap,Feel So Good,Dance like nobody's watching
1592,Rap,Drop It Like It's Hot,Dance like nobody's watching
1593,Rap,Regulate,Dance like nobody's watching
1594,Rap,Ante Up (Robbin Hoodz Theory),Dance around a bit
1595,Rap,Feel Me Flow,Dance like nobody's watching
1596,Rap,1-2-3-4 (Sumpin' New),Dance like nobody's watching
1597,Rap,Notorius Thugs,No Dancing Here
1598,Rap,Drug Ballad,Dance like nobody's watching
1599,Rap,Breathe And Stop,Dance like nobody's watching
1600,Rap,Vivrant Thing,Dance like nobody's watching
1601,Rap,Gin And Juice (feat. Dat Nigga Daz),Dance around a bit
1602,Rap,No Diggity,Dance like nobody's watching
1603,Rap,Return Of The Mack - C & J Street Mix,Dance like nobody's watching
1604,Rap,Notorious Thugs - 2014 Remastered Version,Dance like nobody's watching
1605,Rap,Hypnotize - 2014 Remastered Version,Dance like nobody's watching
1606,Rap,Welcome Back,Dance like nobody's watching
1607,Rap,F**kin' Problems,Dance like nobody's watching
1608,Rap,Root Down - 2009 Digital Remaster,Dance like nobody's watching
1609,Rap,Nobody Speak,Dance around a bit
1610,Rap,Hot In Herre,Dance like nobody's watching
1611,Rap,Country Grammar (Hot Shit),Dance like nobody's watching
1612,Rap,Party Up,Dance around a bit
1613,Rap,Firework,Dance around a bit
1614,Rap,Last Friday Night (T.G.I.F.),Dance around a bit
1615,Rap,I Don't Fuck With You,Dance like nobody's watching
1616,Rap,Don't Matter,Dance like nobody's watching
1617,Rap,Don't Look Down,Dance around a bit
1618,Rap,This Is What You Came For,Dance around a bit
1619,Rap,Pursuit Of Happiness - Extended Steve Aoki Remix (Explicit),Dance like nobody's watching
1620,Rap,We Fly High,Dance around a bit
1621,Rap,Big Poppa,Dance like nobody's watching
1622,Rap,It Was A Good Day,Dance like nobody's watching
1623,Rap,Express Yourself,Dance like nobody's watching
1624,Rap,Ride Wit Me,Dance like nobody's watching
1625,Rap,Good Day,Dance like nobody's watching
1626,Rap,Awnaw [All Hooks Up Version],Dance like nobody's watching
1627,Rap,Quality Control,Dance like nobody's watching
1628,Rap,Bulletproof,Dance around a bit
1629,Rap,Hate It Or Love It,Dance like nobody's watching
1630,Rap,No Favors,Dance around a bit
1631,Rap,Take It To Da House,Dance like nobody's watching
1632,Rap,i,Dance like nobody's watching
1633,Rap,HUMBLE.,Dance like nobody's watching
1634,Rap,Legend Has It,Dance like nobody's watching
1635,Rap,Love The Way You Lie,Dance like nobody's watching
1636,Rap,Heard 'Em Say,Dance like nobody's watching
1637,Rap,Gone,Dance like nobody's watching
1638,Rap,Flashing Lights,Dance around a bit
1639,Rap,POWER,Dance around a bit
1640,Rap,LOVE. FEAT. ZACARI.,Dance like nobody's watching
1641,Rap,Da Rockwilder,Dance like nobody's watching
1642,Rap,Furthest Thing,No Dancing Here
1643,Rap,Worst Behavior,Dance like nobody's watching
1644,Rap,Pound Cake / Paris Morton Music 2,Dance around a bit
1645,Rap,Too Much,Dance around a bit
1646,Rap,Love Me,Dance around a bit
1647,Rap,Right Above It,No Dancing Here
1648,Rap,She Will,No Dancing Here
1649,Rap,Shot For Me,Dance around a bit
1650,Rap,HYFR (Hell Ya Fucking Right),No Dancing Here
1651,Rap,Look What You've Done,No Dancing Here
1652,Rap,We'll Be Fine,No Dancing Here
1653,Rap,Make Me Proud,Dance around a bit
1654,Rap,Under Ground Kings,No Dancing Here
1655,Rap,Take Care,Dance around a bit
1656,Rap,Headlines,Dance around a bit
1657,Rap,Donald Trump,Dance around a bit
1658,Rap,Frick Park Market,Dance around a bit
1659,Rap,Loud,Dance around a bit
1660,Rap,Watching Movies,No Dancing Here
1661,Rap,Bound 2,No Dancing Here
1662,Rap,Amazing,Dance around a bit
1663,Rap,Homecoming,Dance around a bit
1664,Rap,Hey Mama,Dance around a bit
1665,Rap,Renegade,Dance around a bit
1666,Rap,Holy Grail,Dance around a bit
1667,Rap,Tom Ford,Dance like nobody's watching
1668,Rap,Empire State Of Mind,No Dancing Here
1669,Rap,F*ckwithmeyouknowigotit,Dance around a bit
1670,Rap,What's My Name?,Dance around a bit
1671,Rap,We Found Love,Dance like nobody's watching
1672,Rap,Kobe,Dance like nobody's watching
1673,Rap,Beware,Dance like nobody's watching
1674,Rap,Guap,Dance around a bit
1675,Rap,High,Dance around a bit
1676,Rap,Crooked Smile,Dance around a bit
1677,Rap,Power Trip,Dance around a bit
1678,Rap,Forbidden Fruit,Dance like nobody's watching
1679,Rap,Bad - Remix feat. Rihanna,Dance like nobody's watching
1680,Rap,Ambition - feat. Meek Mill & Rick Ross,No Dancing Here
1681,Rap,Medicated - feat. Chevy Woods & Juicy J,Dance like nobody's watching
1682,Rap,Bout Me - feat. Problem & Iamsu [Bonus Track],Dance like nobody's watching
1683,Rap,The Race,Dance around a bit
1684,Rap,This Plane,Dance around a bit
1685,Rap,Levels,Dance like nobody's watching
1686,Rap,Dreams and Nightmares,Dance around a bit
1687,Rap,Believe It - feat. Rick Ross,Dance like nobody's watching
1688,Rap,Amen - feat. Drake,Dance around a bit
1689,Rap,Cashin' Out,Dance like nobody's watching
1690,Rap,No Hands (feat. Roscoe Dash and Wale) - Explicit Album Version,Dance like nobody's watching
1691,Rap,Wild Boy,Dance like nobody's watching
1692,Rap,Whatever You Like,Dance around a bit
1693,Rap,Ball (feat. Lil Wayne),Dance like nobody's watching
1694,Rap,Go Get It,No Dancing Here
1695,Rap,No Lie,Dance around a bit
1696,Rap,I'm Different,Dance like nobody's watching
1697,Rap,Bounce It,Dance like nobody's watching
1698,Rap,Smoke A Nigga,Dance like nobody's watching
1699,Rap,Scholarship,Dance like nobody's watching
1700,Rap,23,Dance like nobody's watching
1701,Rap,I'm On One,Dance around a bit
1702,Rap,Run This Town,Dance around a bit
1703,Rap,La Familia,Dance like nobody's watching
1704,Rap,Picasso Baby,Dance around a bit
1705,Rap,F.U.T.W.,Dance around a bit
1706,Rap,Trouble,Dance like nobody's watching
1707,Rap,Show Me,Dance like nobody's watching
1708,Rap,The Devil Is A Lie,Dance around a bit
1709,Rap,Stay Schemin,No Dancing Here
1710,Rap,Aston Martin Music,Dance around a bit
1711,Rap,Diced Pineapples,Dance around a bit
1712,Rap,The Real Slim Shady,Dance like nobody's watching
1713,Rap,Mockingbird,Dance around a bit
1714,Rap,Like Toy Soldiers,Dance around a bit
1715,Rap,Stan,Dance like nobody's watching
1716,Rap,Daddy's Lambo,Dance like nobody's watching
1717,Rap,Let's Roll,Dance around a bit
1718,Rap,I Just Wanna Party,Dance like nobody's watching
1719,Rap,Bake a Cake,Dance around a bit
1720,Rap,V. 3005,No Dancing Here
1721,Rap,IV. sweatpants,Dance around a bit
1722,Rap,I. crawl,Dance around a bit
1723,Rap,Memories Back Then,Dance like nobody's watching
1724,Rap,The Plan - feat. Juicy J,Dance around a bit
1725,Rap,KK (feat. Project Pat & Juicy J),Dance like nobody's watching
1726,Rap,The Star Room,No Dancing Here
1727,Rap,Fly Solo,Dance like nobody's watching
1728,Rap,Fork,Dance like nobody's watching
1729,Rap,Dark Horse,Dance around a bit
1730,Rap,Put It On,Dance like nobody's watching
1731,Rap,Rap God,Dance like nobody's watching
1732,Rap,Berzerk,Dance like nobody's watching
1733,Rap,"Bitch, Don’t Kill My Vibe - Remix",Dance around a bit
1734,Rap,Stay Fly - Explicit Album Version,Dance like nobody's watching
1735,Rap,Yesterday,Dance around a bit
1736,Rap,Let It Go,Dance like nobody's watching
1737,Rap,I Mean It,Dance like nobody's watching
1738,Rap,Forgot About Dre,Dance like nobody's watching
1739,Rap,The Hard (feat. Dana Williams),Dance around a bit
1740,Rap,The Plan - feat. Juicy J,Dance around a bit
1741,Rap,We Dem Boyz,Dance like nobody's watching
1742,Rap,Now Or Never - Bonus Track,Dance around a bit
1743,Rap,Man Of The Year,Dance like nobody's watching
1744,Rap,Fight Night,Dance like nobody's watching
1745,Rap,Type of Way,Dance like nobody's watching
1746,Rap,Paranoid (feat. B.o.B),Dance like nobody's watching
1747,Rap,Hands On The Wheel,Dance around a bit
1748,Rap,Collard Greens,Dance like nobody's watching
1749,Rap,0 To 100 / The Catch Up,Dance like nobody's watching
1750,Rap,Hookah,Dance like nobody's watching
1751,Rap,About the Money,Dance like nobody's watching
1752,Rap,No Mediocre,Dance like nobody's watching
1753,Rap,Studio,Dance like nobody's watching
1754,Rap,Lady Killers (feat. Hoodie Allen),No Dancing Here
1755,Rap,Fight Night,Dance like nobody's watching
1756,Rap,Like Me,Dance around a bit
1757,Rap,Thuggin’,No Dancing Here
1758,Rap,Feds Watching,Dance like nobody's watching
1759,Rap,Lifestyle,Dance like nobody's watching
1760,Rap,In My Lifetime - Remix,Dance like nobody's watching
1761,Rap,Used 2,Dance around a bit
1762,Rap,Tuesday (feat. Drake),Dance like nobody's watching
1763,Rap,Multiply,Dance like nobody's watching
1764,Rap,i,Dance like nobody's watching
1765,Rap,Grown Up,Dance around a bit
1766,Rap,Feds Watching,Dance like nobody's watching
1767,Rap,Tuesday (feat. Drake),Dance like nobody's watching
1768,Rap,Almost Famous,Dance around a bit
1769,Rap,Far Alone,Dance like nobody's watching
1770,Rap,Been On,Dance around a bit
1771,Rap,Marilyn (feat. Dominique Le Jeune),No Dancing Here
1772,Rap,Tumblr Girls,No Dancing Here
1773,Rap,Opportunity Cost,Dance around a bit
1774,Rap,No Type,Dance like nobody's watching
1775,Rap,No Flex Zone,Dance like nobody's watching
1776,Rap,Grown Up,Dance around a bit
1777,Rap,U Guessed It (Remix),Dance like nobody's watching
1778,Rap,Only,Dance around a bit
1779,Rap,Bed Peace,Dance around a bit
1780,Rap,Throw Sum Mo,Dance like nobody's watching
1781,Rap,Apparently,Dance like nobody's watching
1782,Rap,No Role Modelz,Dance around a bit
1783,Rap,03' Adolescence,Dance around a bit
1784,Rap,Alright,Dance like nobody's watching
1785,Rap,G.O.M.D.,Dance like nobody's watching
1786,Rap,Bricks,Dance like nobody's watching
1787,Rap,Good Life,No Dancing Here
1788,Rap,Try Me,Dance around a bit
1789,Rap,Wishy Washy,Dance like nobody's watching
1790,Rap,They Don't Know,Dance like nobody's watching
1791,Rap,Schemin Up (feat. Drake and P. Reign),Dance like nobody's watching
1792,Rap,2 Bitches,Dance like nobody's watching
1793,Rap,We Good,Dance around a bit
1794,Rap,Mud Musik (feat. Titi Boy aka 2 Chains),Dance like nobody's watching
1795,Rap,Duffle Bag Boy,Dance around a bit
1796,Rap,Trap Queen,Dance like nobody's watching
1797,Rap,Sho Me Love,Dance like nobody's watching
1798,Rap,Low,Dance like nobody's watching
1799,Rap,This Could Be Us,Dance like nobody's watching
1800,Rap,CoCo,Dance like nobody's watching
1801,Rap,I Don't Sell Molly No More,Dance like nobody's watching
1802,Rap,Only One,Dance like nobody's watching
1803,Rap,Never Let Me Down,No Dancing Here
1804,Rap,Get Em High,Dance around a bit
1805,Rap,Hunnid Stax (feat. ScHoolboy Q),Dance around a bit
1806,Rap,Only That Real (feat. 2 Chainz & Sage The Gemini),Dance like nobody's watching
1807,Rap,Cut Her Off,Dance like nobody's watching
1808,Rap,Cadillactica,Dance around a bit
1809,Rap,Drunk in Love,Dance around a bit
1810,Rap,Focused - feat. Kid Cudi,Dance like nobody's watching
1811,Rap,Sabotage - feat. Lloyd,Dance around a bit
1812,Rap,Blessings,Dance like nobody's watching
1813,Rap,1017 Mafia,Dance like nobody's watching
1814,Rap,Ondalay,Dance like nobody's watching
1815,Rap,Antidote,Dance like nobody's watching
1816,Rap,"New Atlanta (feat. Rich Homie Quan, Young Thug, Jermaine Dupri)",Dance around a bit
1817,Rap,Now & Forever,Dance around a bit
1818,Rap,What They Want,Dance like nobody's watching
1819,Rap,1Train,No Dancing Here
1820,Rap,Lord Pretty Flacko Jodye 2 (LPFJ2),No Dancing Here
1821,Rap,Actin Crazy,No Dancing Here
1822,Rap,One Time,Dance like nobody's watching
1823,Rap,Struggle,Dance like nobody's watching
1824,Rap,Gotta Have It,Dance like nobody's watching
1825,Rap,Numb / Encore,Dance around a bit
1826,Rap,Im so Paid,Dance around a bit
1827,Rap,Baby Blue (feat. Chance the Rapper),Dance like nobody's watching
1828,Rap,Shot For Me,Dance around a bit
1829,Rap,Or Nah (feat. Wiz Khalifa and DJ Mustard),Dance like nobody's watching
1830,Rap,PMW (All I Really Need),Dance like nobody's watching
1831,Rap,I Don't Fuck With You,Dance like nobody's watching
1832,Rap,Over,No Dancing Here
1833,Rap,For Everybody,Dance like nobody's watching
1834,Rap,Bitch Better Have My Money,Dance like nobody's watching
1835,Rap,All Day,Dance like nobody's watching
1836,Rap,Alright,Dance like nobody's watching
1837,Rap,Seen It All,Dance like nobody's watching
1838,Rap,Sippin On Some Syrup,Dance like nobody's watching
1839,Rap,All I Need (One Mo Drank),Dance like nobody's watching
1840,Rap,The Sleaze,Dance like nobody's watching
1841,Rap,Everyday,No Dancing Here
1842,Rap,John Gotti,Dance around a bit
1843,Rap,Rihanna,Dance like nobody's watching
